,StationName,Latitude,Longitude,2019-03-23 00:00:00,2019-03-23 04:00:00,2019-03-23 08:00:00,2019-03-23 12:00:00,2019-03-23 16:00:00,2019-03-23 20:00:00,2019-03-24 00:00:00,2019-03-24 04:00:00,2019-03-24 08:00:00,2019-03-24 12:00:00,2019-03-24 16:00:00,2019-03-24 20:00:00,2019-03-25 00:00:00,2019-03-25 04:00:00,2019-03-25 08:00:00,2019-03-25 12:00:00,2019-03-25 16:00:00,2019-03-25 20:00:00,2019-03-26 00:00:00,2019-03-26 04:00:00,2019-03-26 08:00:00,2019-03-26 12:00:00,2019-03-26 16:00:00,2019-03-26 20:00:00,2019-03-27 00:00:00,2019-03-27 04:00:00,2019-03-27 08:00:00,2019-03-27 12:00:00,2019-03-27 16:00:00,2019-03-27 20:00:00,2019-03-28 00:00:00,2019-03-28 04:00:00,2019-03-28 08:00:00,2019-03-28 12:00:00,2019-03-28 16:00:00,2019-03-28 20:00:00,2019-03-29 00:00:00,2019-03-29 04:00:00,2019-03-29 08:00:00,2019-03-29 12:00:00,2019-03-29 16:00:00
0,34 ST-HERALD SQ,40.748897899999996,-73.98878859999998,6501.0,6417.0,25176.0,40700.0,47905.0,26275.0,5839.0,4709.0,21563.0,38454.0,39556.0,18681.0,2481.0,17724.0,63791.0,43867.0,86615.0,26489.0,3189.0,18575.0,66774.0,46261.0,88372.0,29585.0,3619.0,17489.0,66130.0,47879.0,89255.0,30260.0,3752.0,17841.0,67708.0,47244.0,90113.0,32824.0,4202.0,16493.0,60023.0,51148.0,85328.0
1,TIMES SQ-42 ST,40.7545563,-73.98667370000001,7711.0,4920.0,20062.0,34951.0,36562.0,25017.0,7426.0,3328.0,14902.0,24895.0,28193.0,19922.0,2495.0,12406.0,47673.0,31273.0,62591.0,21970.0,3372.0,14091.0,50636.0,33252.0,67917.0,27962.0,4015.0,13528.0,51769.0,36902.0,69396.0,28041.0,3976.0,14175.0,50793.0,34758.0,68892.0,30451.0,4659.0,13009.0,47351.0,37970.0,66038.0
2,34 ST-PENN STA,40.751056,-73.99031020000001,3795.0,5703.0,20202.0,31296.0,33898.0,17100.0,3398.0,3572.0,19107.0,31864.0,31061.0,13229.0,1542.0,26947.0,62738.0,38424.0,78157.0,16639.0,708.0,26899.0,65230.0,39698.0,78323.0,16350.0,765.0,27026.0,64952.0,40470.0,79422.0,16765.0,864.0,26659.0,65617.0,41576.0,83548.0,18435.0,916.0,23855.0,59090.0,46083.0,78473.0
3,59 ST COLUMBUS,40.7684839,-73.98180699999999,2559.0,3077.0,13942.0,22925.0,24166.0,12392.0,2653.0,2188.0,11529.0,21428.0,20465.0,8416.0,1175.0,10626.0,33727.0,28915.0,43885.0,14380.0,1532.0,11298.0,35259.0,30193.0,46426.0,16134.0,1735.0,11029.0,33759.0,30406.0,45504.0,16479.0,1756.0,11005.0,36013.0,31938.0,46360.0,17242.0,2111.0,9855.0,31776.0,31385.0,40377.0
4,86 ST,40.7795016,-73.95557240000001,1672.0,3238.0,13641.0,23054.0,22782.0,9958.0,1601.0,2131.0,10922.0,19206.0,16680.0,6426.0,724.0,12377.0,29429.0,24510.0,36351.0,9816.0,804.0,13233.0,30591.0,25485.0,38134.0,11483.0,946.0,12827.0,31581.0,25737.0,36717.0,10804.0,866.0,12958.0,31770.0,26855.0,38124.0,11460.0,1005.0,12226.0,29980.0,28292.0,35400.0
5,GRD CNTRL-42 ST,40.75216470000001,-73.97715339999998,2164.0,3204.0,13410.0,20560.0,20555.0,9513.0,1871.0,1746.0,10688.0,16642.0,16257.0,6652.0,932.0,15864.0,43376.0,24346.0,50547.0,10771.0,1403.0,16745.0,45776.0,26003.0,52165.0,12279.0,1497.0,16311.0,44607.0,26922.0,52425.0,12484.0,1540.0,15959.0,46089.0,28212.0,52877.0,13755.0,1747.0,14107.0,41085.0,29180.0,48780.0
6,59 ST,40.6415685,-74.0176783,2279.0,4533.0,14402.0,20674.0,20197.0,9419.0,2001.0,2795.0,10672.0,16936.0,15764.0,7019.0,1232.0,13057.0,32089.0,23107.0,38156.0,10473.0,1369.0,13686.0,33663.0,24393.0,40146.0,11583.0,1641.0,13476.0,34159.0,25416.0,40298.0,11484.0,1619.0,13377.0,34388.0,25503.0,40926.0,11728.0,1762.0,12618.0,32675.0,26778.0,37696.0
7,FLUSHING-MAIN,40.75955820000001,-73.82992209999998,2255.0,5930.0,15778.0,18083.0,19467.0,12093.0,2042.0,3374.0,13458.0,17176.0,16540.0,9066.0,1484.0,17406.0,25622.0,19607.0,30309.0,12365.0,1468.0,17983.0,24946.0,19299.0,31480.0,12841.0,1524.0,17357.0,25286.0,20467.0,30759.0,12639.0,1644.0,17755.0,25467.0,19465.0,31613.0,12830.0,1634.0,16693.0,24612.0,19550.0,31370.0
8,ATL AV-BARCLAY,40.6837598,-73.97875739999998,1749.0,2036.0,8912.0,16842.0,17247.0,8630.0,1829.0,1410.0,7238.0,14482.0,13758.0,5561.0,815.0,8883.0,20878.0,15835.0,27344.0,7536.0,941.0,9202.0,21112.0,16250.0,28975.0,8586.0,1047.0,8656.0,20772.0,16468.0,27533.0,8929.0,1096.0,8894.0,20970.0,16782.0,28417.0,9807.0,1313.0,8479.0,18010.0,17823.0,31694.0
9,23 ST,40.7413626,-73.9891335,1586.0,1581.0,9163.0,15113.0,17217.0,7851.0,1426.0,1064.0,6332.0,12062.0,12449.0,5125.0,520.0,7199.0,31866.0,23415.0,45414.0,11560.0,753.0,7746.0,33884.0,25984.0,48219.0,13494.0,836.0,7548.0,34003.0,26413.0,48878.0,13948.0,933.0,7821.0,34069.0,26737.0,49522.0,14191.0,1029.0,7142.0,32397.0,27809.0,44160.0
10,42 ST-PORT AUTH,40.7578346,-73.99146259999998,1722.0,4556.0,14115.0,15743.0,17069.0,10404.0,1687.0,2504.0,11135.0,14092.0,15747.0,8865.0,967.0,20843.0,35493.0,17790.0,38140.0,10503.0,755.0,21402.0,34578.0,18444.0,38445.0,11425.0,812.0,20397.0,37329.0,18850.0,38117.0,8252.0,577.0,20847.0,35119.0,18961.0,38269.0,11997.0,885.0,18923.0,31509.0,20642.0,37227.0
11,14 ST,40.73747540000001,-73.9970975,2859.0,1881.0,8407.0,14769.0,16918.0,9753.0,2621.0,1266.0,6615.0,13204.0,13318.0,5761.0,914.0,4615.0,17651.0,14122.0,24841.0,9301.0,1283.0,5014.0,18358.0,15455.0,27244.0,10832.0,1396.0,4681.0,17867.0,14598.0,26795.0,11424.0,1529.0,4918.0,18779.0,16072.0,27337.0,12094.0,1923.0,4439.0,17217.0,16991.0,26064.0
12,JKSN HT-ROOSVLT,40.746739,-73.89099859999999,3127.0,5860.0,13341.0,16615.0,16461.0,9394.0,2826.0,3834.0,10460.0,13936.0,13293.0,7321.0,1792.0,12321.0,20320.0,17249.0,24260.0,10348.0,2039.0,12712.0,20683.0,17186.0,24182.0,10846.0,2101.0,12498.0,20735.0,,23978.0,10671.0,2079.0,,20985.0,17424.0,24379.0,11187.0,2370.0,12379.0,20335.0,17860.0,25236.0
13,BEDFORD AV,40.717354,-73.956972,1760.0,762.0,5061.0,12813.0,15705.0,8634.0,2453.0,607.0,5394.0,12375.0,12971.0,5272.0,555.0,3833.0,12769.0,7809.0,15020.0,6055.0,594.0,3961.0,13454.0,7962.0,13077.0,7030.0,636.0,4019.0,13093.0,8576.0,14718.0,6819.0,756.0,3806.0,13190.0,8467.0,15349.0,7616.0,985.0,3378.0,12491.0,8970.0,14997.0
14,47-50 STS ROCK,40.75885,-73.98118610000002,2427.0,2822.0,8247.0,13021.0,15452.0,8237.0,1848.0,1705.0,6513.0,10247.0,11479.0,5488.0,1002.0,10042.0,39310.0,18711.0,43539.0,10170.0,1750.0,10651.0,41036.0,20720.0,44752.0,10527.0,1863.0,10760.0,41868.0,20317.0,45188.0,10981.0,1974.0,10620.0,42391.0,20682.0,44947.0,11152.0,2146.0,9765.0,38824.0,23270.0,40966.0
15,34 ST-HUDSON YD,40.7549713,-74.0010084,598.0,1443.0,5469.0,14412.0,14906.0,3691.0,447.0,862.0,5087.0,15898.0,12989.0,2577.0,274.0,3887.0,7680.0,8439.0,10847.0,2648.0,296.0,3971.0,8438.0,8779.0,11754.0,3398.0,446.0,3804.0,8637.0,9649.0,11834.0,3339.0,394.0,3861.0,8565.0,9610.0,12601.0,3472.0,458.0,3621.0,8369.0,10862.0,12863.0
16,CHAMBERS ST,40.7155134,-74.00922270000001,1421.0,1876.0,11537.0,17457.0,14178.0,6070.0,1132.0,1174.0,7829.0,12978.0,10710.0,4027.0,495.0,9758.0,31435.0,25413.0,39986.0,9128.0,690.0,9672.0,33443.0,27054.0,40490.0,9303.0,746.0,9331.0,32300.0,27264.0,39240.0,9433.0,640.0,9872.0,31964.0,27046.0,40702.0,10259.0,799.0,7928.0,29419.0,28084.0,34210.0
17,125 ST,40.8043863,-73.9374292,2209.0,2541.0,8546.0,12353.0,13289.0,7853.0,2018.0,1775.0,7302.0,11303.0,10732.0,5644.0,1054.0,7905.0,16259.0,14720.0,20792.0,7461.0,1189.0,8249.0,16644.0,14332.0,21941.0,8674.0,1220.0,8023.0,17120.0,15393.0,21520.0,8926.0,1309.0,7998.0,16578.0,14796.0,21827.0,8541.0,1377.0,7736.0,16315.0,16228.0,21672.0
18,57 ST-7 AV,40.765564000000005,-73.9803309,1494.0,1950.0,7781.0,11847.0,12891.0,7299.0,1399.0,1293.0,6196.0,11120.0,10425.0,4921.0,575.0,4591.0,16118.0,10731.0,18930.0,6422.0,742.0,4797.0,17022.0,11649.0,21871.0,8058.0,838.0,4651.0,16966.0,12121.0,22115.0,8801.0,892.0,4820.0,17133.0,12215.0,22180.0,9014.0,1113.0,4258.0,15700.0,12582.0,20589.0
19,GRAND ST,40.7182003,-73.9935756,1165.0,1569.0,8200.0,11394.0,12139.0,6137.0,1383.0,1074.0,6850.0,9854.0,9950.0,4235.0,530.0,5128.0,14246.0,12692.0,16522.0,4982.0,510.0,5252.0,14316.0,12757.0,16499.0,5772.0,609.0,5297.0,13944.0,13056.0,16977.0,5771.0,649.0,5241.0,14138.0,12550.0,17224.0,6334.0,832.0,5207.0,14027.0,13991.0,18390.0
20,145 ST,40.8240532,-73.94476230000001,2805.0,2997.0,9170.0,11750.0,11843.0,7967.0,2845.0,2284.0,7340.0,10236.0,9945.0,6109.0,1553.0,8461.0,16333.0,13416.0,18931.0,7807.0,1509.0,7924.0,16948.0,13144.0,19614.0,9371.0,1867.0,8745.0,17171.0,14055.0,19289.0,10018.0,1888.0,8771.0,17163.0,13449.0,19975.0,9999.0,2213.0,8236.0,15864.0,13924.0,18035.0
21,42 ST-BRYANT PK,40.75483679999999,-73.9841215,2039.0,1797.0,6192.0,9892.0,11602.0,6434.0,1893.0,1169.0,4271.0,8152.0,8697.0,4165.0,917.0,5741.0,23792.0,13545.0,30691.0,8080.0,1695.0,6272.0,24370.0,14458.0,32473.0,9345.0,1754.0,5886.0,25956.0,15326.0,32468.0,9756.0,1807.0,6129.0,25324.0,15644.0,32339.0,9976.0,1921.0,5877.0,23337.0,16515.0,29471.0
22,2 AV,40.723412700000004,-73.9902885,2062.0,986.0,4305.0,8044.0,9653.0,7593.0,2218.0,841.0,3682.0,7026.0,7390.0,4251.0,607.0,2549.0,7214.0,5830.0,9584.0,4766.0,654.0,2751.0,7532.0,6033.0,10779.0,6034.0,859.0,2713.0,7772.0,6212.0,10795.0,6115.0,855.0,2686.0,7790.0,6718.0,11534.0,6599.0,1182.0,2563.0,7645.0,7218.0,12257.0
23,50 ST,40.7620363,-73.98632909999998,1551.0,1457.0,6164.0,7619.0,9458.0,5895.0,1376.0,1169.0,5729.0,6998.0,6931.0,3399.0,499.0,8141.0,23957.0,16127.0,29702.0,8797.0,897.0,8062.0,24342.0,16574.0,31197.0,10232.0,1039.0,7951.0,25025.0,17885.0,32145.0,10443.0,1130.0,7891.0,25080.0,17737.0,32619.0,11178.0,1272.0,7454.0,23783.0,19339.0,31117.0
24,CHURCH AV,40.6495233,-73.96328390000001,2059.0,3631.0,8130.0,9197.0,9170.0,5144.0,1891.0,2561.0,6284.0,8246.0,8083.0,4254.0,1165.0,8181.0,12403.0,9400.0,14588.0,5454.0,1010.0,8456.0,12653.0,9196.0,14817.0,6176.0,1039.0,8423.0,12451.0,9657.0,12885.0,5159.0,1020.0,8316.0,12733.0,9614.0,15004.0,6161.0,1203.0,7889.0,12251.0,10350.0,13821.0
25,PRINCE ST,40.7242353,-73.99780600000001,549.0,368.0,3134.0,7927.0,9072.0,3167.0,493.0,257.0,2391.0,6362.0,6338.0,1708.0,138.0,911.0,5284.0,4928.0,8674.0,1817.0,74.0,897.0,5908.0,5611.0,9762.0,2254.0,142.0,867.0,5958.0,2994.0,5674.0,2164.0,101.0,911.0,5761.0,5785.0,7411.0,2489.0,136.0,850.0,5630.0,6865.0,10452.0
26,SPRING ST,40.7257799,-74.00395209999998,728.0,519.0,3616.0,8242.0,8696.0,3881.0,578.0,315.0,2625.0,6287.0,6316.0,2198.0,239.0,1763.0,7894.0,8203.0,15217.0,3446.0,230.0,1798.0,8535.0,8715.0,16004.0,4171.0,296.0,1809.0,8590.0,8605.0,15754.0,4249.0,288.0,1816.0,8510.0,9059.0,16565.0,4524.0,357.0,1624.0,8437.0,10406.0,16157.0
27,LEXINGTON AV/63,40.764629,-73.96611299999998,1145.0,2149.0,7583.0,9142.0,8691.0,4133.0,1178.0,1353.0,5170.0,7069.0,6402.0,3007.0,581.0,4741.0,12163.0,8831.0,14081.0,4948.0,733.0,4725.0,12859.0,9283.0,14647.0,5490.0,768.0,4640.0,12676.0,9210.0,14582.0,5196.0,813.0,4889.0,12612.0,9538.0,15296.0,5585.0,865.0,4534.0,12346.0,9897.0,13337.0
28,NOSTRAND AV,40.6697362,-73.95050890000002,1484.0,1946.0,7084.0,9095.0,8656.0,5550.0,1638.0,1450.0,5754.0,7614.0,6683.0,4008.0,784.0,4890.0,10372.0,6968.0,10611.0,4492.0,738.0,4311.0,9381.0,6827.0,10634.0,5118.0,751.0,4937.0,15140481.0,7348.0,10580.0,5254.0,800.0,5038.0,10691.0,7170.0,10601.0,4828.0,873.0,4685.0,10378.0,7821.0,10996.0
29,JAY ST-METROTEC,40.6922507,-73.9872792,94.0,113.0,4581.0,7262.0,8584.0,4006.0,1019.0,897.0,4434.0,7618.0,6317.0,2861.0,523.0,5213.0,19148.0,16623.0,24116.0,5990.0,607.0,5708.0,19794.0,17367.0,25351.0,7261.0,653.0,5442.0,19540.0,17846.0,24681.0,6780.0,669.0,5673.0,19519.0,17629.0,25190.0,6581.0,764.0,4848.0,17302.0,17203.0,21251.0
30,1 AV,40.7312776,-73.9823439,1317.0,853.0,3659.0,6869.0,8555.0,6104.0,1598.0,365.0,2952.0,6377.0,6861.0,2428.0,303.0,4431.0,10021.0,7823.0,12466.0,5072.0,488.0,4576.0,10406.0,8242.0,11417.0,6178.0,566.0,4630.0,10062.0,4035.0,4381.0,6049.0,553.0,4574.0,10297.0,8596.0,13332.0,7005.0,882.0,4135.0,10365.0,9245.0,14244.0
31,STEINWAY ST,40.756691700000005,-73.92064090000001,712.0,1215.0,5170.0,7508.0,8045.0,4726.0,1122.0,799.0,4019.0,6469.0,6472.0,3111.0,371.0,3148.0,6921.0,5397.0,7773.0,3092.0,308.0,3362.0,7073.0,5451.0,7862.0,3299.0,331.0,3253.0,7215.0,5905.0,7730.0,3176.0,395.0,3263.0,7255.0,5835.0,7901.0,3353.0,434.0,3181.0,6997.0,5985.0,8159.0
32,JUNCTION BLVD,40.749203,-73.8693365,1465.0,5295.0,6949.0,7113.0,7716.0,4272.0,1525.0,2920.0,6069.0,6971.0,6086.0,3268.0,862.0,8112.0,7777.0,608115.0,11334.0,4196.0,955.0,8280.0,7787.0,6779.0,11671.0,4377.0,1043.0,8251.0,7712.0,7041.0,11287.0,4129.0,1129.0,8443.0,7698.0,6626.0,11654.0,4381.0,1214.0,8281.0,7793.0,7239.0,11875.0
33,DEKALB AV,40.68982020000001,-73.9811611,931.0,1674.0,5721.0,7760.0,7506.0,3826.0,1039.0,834.0,4714.0,6986.0,5852.0,2644.0,521.0,6459.0,13974.0,9359.0,12746.0,3926.0,551.0,6855.0,14750.0,9626.0,13032.0,4367.0,583.0,6358.0,14470.0,9587.0,12818.0,4325.0,609.0,6635.0,14478.0,9514.0,13597.0,4600.0,636.0,6275.0,13393.0,9905.0,12518.0
34,BOROUGH HALL,40.6931492,-73.9900883,733.0,941.0,4916.0,7990.0,7159.0,3492.0,713.0,545.0,3360.0,6468.0,5581.0,2462.0,316.0,4297.0,17703.0,14163.0,19360.0,4429.0,364.0,4631.0,18929.0,14286.0,20121.0,5232.0,376.0,4657.0,18751.0,15307.0,19963.0,5211.0,398.0,4501.0,18897.0,14938.0,20068.0,5300.0,476.0,4152.0,16880.0,14803.0,17321.0
35,CROWN HTS-UTICA,40.6689469,-73.93183379999998,1488.0,2380.0,5818.0,7040.0,6979.0,4470.0,1287.0,1695.0,4426.0,5820.0,5614.0,3533.0,741.0,8450.0,11137.0,7764.0,12653.0,4983.0,993.0,8884.0,11596.0,8250.0,12718.0,5792.0,1144.0,8775.0,11562.0,8302.0,12568.0,5404.0,1117.0,8779.0,11461.0,8479.0,12839.0,5540.0,1259.0,8108.0,11059.0,9161.0,11799.0
36,8 ST-NYU,40.7306065,-73.99244159999998,1044.0,457.0,2717.0,5115.0,6962.0,4767.0,1025.0,334.0,2288.0,4864.0,5800.0,3128.0,300.0,1396.0,6832.0,5444.0,10255.0,3699.0,254.0,1485.0,7302.0,5948.0,11110.0,4218.0,276.0,1543.0,7211.0,5927.0,11151.0,4234.0,279.0,1460.0,7175.0,5802.0,11297.0,4564.0,319.0,1363.0,6669.0,6275.0,11000.0
37,CANAL ST,40.722713899999995,-74.00630600000001,525.0,671.0,3458.0,6264.0,6730.0,2773.0,485.0,424.0,2415.0,5010.0,5233.0,1784.0,186.0,2886.0,9954.0,7190.0,13702.0,1780.0,3.0,2844.0,10279.0,7703.0,14389.0,2149.0,8.0,2903.0,10517.0,7576.0,14331.0,2309.0,6.0,2944.0,10411.0,7872.0,14725.0,2098.0,7.0,2549.0,9660.0,8603.0,13750.0
38,QUEENSBORO PLZ,40.7505127,-73.9398439,651.0,2204.0,7242.0,8320.0,6668.0,3558.0,1019.0,1468.0,5722.0,6865.0,4943.0,2390.0,319.0,1894.0,5228.0,3975.0,5603.0,1656.0,343.0,2059.0,5343.0,4081.0,5993.0,1892.0,376.0,1989.0,5429.0,4147.0,5615.0,1934.0,396.0,2045.0,5237.0,4203.0,5841.0,2093.0,477.0,1828.0,5104.0,4327.0,5590.0
39,MYRTLE-WYCKOFF,40.699686,-73.9117713,1279.0,2867.0,6145.0,6899.0,6646.0,4130.0,1324.0,1518.0,4500.0,6195.0,5412.0,3250.0,825.0,5468.0,7859.0,5223.0,7786.0,3653.0,676.0,5548.0,8175.0,5567.0,7727.0,4121.0,795.0,5506.0,8149.0,5673.0,7856.0,3761.0,887.0,5558.0,8106.0,5502.0,7897.0,4048.0,939.0,5406.0,7960.0,5792.0,7913.0
40,51 ST,40.757135,-73.97191190000001,868.0,1173.0,4412.0,6019.0,6535.0,3383.0,676.0,772.0,3677.0,4644.0,4482.0,2222.0,405.0,3825.0,13801.0,7680.0,13876.0,3423.0,573.0,3880.0,14783.0,8364.0,14543.0,3922.0,679.0,3873.0,15095.0,8778.0,14849.0,3816.0,653.0,3640.0,14721.0,8746.0,14735.0,4049.0,724.0,3255.0,13803.0,9198.0,14078.0
41,COURT SQ,40.7467885,-73.944548,568.0,2126.0,5099.0,6517.0,6450.0,3338.0,757.0,1097.0,3708.0,4940.0,4874.0,2387.0,406.0,4610.0,10829.0,6406.0,12347.0,3676.0,552.0,4825.0,11202.0,6672.0,12704.0,4102.0,661.0,4805.0,11430.0,6894.0,12151.0,3981.0,705.0,4682.0,11313.0,6966.0,12328.0,4176.0,765.0,4261.0,9556.0,6737.0,2942577.0
42,JAMAICA CENTER,40.702144700000005,-73.8008771,1502.0,3364.0,5061.0,5840.0,6139.0,3794.0,1326.0,2050.0,3530.0,4223.0,4686.0,3050.0,1085.0,14174.0,14976.0,12676.0,18926.0,6287.0,1282.0,14946.0,15003.0,12734.0,20050.0,6859.0,1386.0,14671.0,15313.0,13244.0,19451.0,6689.0,1454.0,14902.0,15058.0,12880.0,19684.0,6904.0,1381.0,14001.0,13640.0,12846.0,17923.0
43,49 ST,40.7598372,-73.98418249999999,1019.0,716.0,2625.0,4919.0,5959.0,4155.0,839.0,521.0,1981.0,3672.0,4709.0,2650.0,398.0,3294.0,10592.0,6912.0,15585.0,5520.0,869.0,3544.0,11376.0,7565.0,16936.0,7241.0,923.0,3521.0,11785.0,8266.0,17644.0,7400.0,961.0,3612.0,11753.0,8072.0,17662.0,7973.0,1221.0,3228.0,11068.0,8289.0,16233.0
44,BOWLING GREEN,40.7048108,-74.0144596,592.0,1116.0,5111.0,7124.0,5757.0,1855.0,438.0,571.0,4037.0,5928.0,4559.0,1541.0,312.0,5722.0,18185.0,11163.0,19588.0,3032.0,401.0,6020.0,18589.0,11771.0,20038.0,3249.0,464.0,6026.0,18153.0,11698.0,20007.0,3431.0,478.0,5940.0,18178.0,12438.0,20147.0,3550.0,515.0,5516.0,16351.0,12454.0,17387.0
45,BLEECKER ST,40.7259346,-73.9946724,1051.0,486.0,2030.0,4127.0,5286.0,2953.0,1123.0,378.0,1503.0,3622.0,4055.0,1924.0,441.0,1323.0,4930.0,3760.0,6873.0,2782.0,384.0,1402.0,5393.0,4048.0,7670.0,3114.0,389.0,1403.0,5331.0,4218.0,7647.0,3353.0,503.0,1370.0,5272.0,4257.0,7807.0,3755.0,646.0,1247.0,5035.0,4873.0,7872.0
46,VERNON-JACKSON,40.7426713,-73.9537248,593.0,640.0,3167.0,5036.0,5039.0,2521.0,523.0,417.0,2786.0,4750.0,4120.0,1838.0,205.0,3298.0,8263.0,3778.0,7536.0,2431.0,266.0,3409.0,8804.0,4101.0,7854.0,2806.0,277.0,3396.0,8735.0,4454.0,7899.0,2945.0,321.0,3393.0,8661.0,4429.0,7725.0,3170.0,318.0,3067.0,8121.0,4432.0,7561.0
47,28 ST,40.7470686,-73.99350919999998,628.0,566.0,3132.0,4660.0,5039.0,2731.0,656.0,400.0,2319.0,3650.0,3360.0,1617.0,251.0,1542.0,7388.0,5077.0,9527.0,2225.0,181.0,1637.0,8194.0,5663.0,10157.0,2494.0,198.0,1636.0,8125.0,5854.0,10254.0,2624.0,236.0,1568.0,3651.0,3116.0,10073.0,2789.0,259.0,1527.0,7346.0,6143.0,9342.0
48,SUTPHIN-ARCHER,40.700572799999996,-73.8077071,,,,,,,,,,,,,,,,,,,,,,,,,,,,,,,,,,,,,,,,,
49,FORDHAM RD,40.8614886,-73.8905408,863.0,2265.0,4076.0,5019.0,4918.0,2636.0,796.0,1504.0,2995.0,4113.0,4028.0,2043.0,590.0,5739.0,6682.0,6082.0,7971.0,2687.0,253.0,2570.0,6806.0,6115.0,8113.0,2961.0,760.0,5904.0,6696.0,6501.0,8380.0,2811.0,755.0,5887.0,6954.0,6315.0,8256.0,2914.0,696.0,5716.0,6590.0,6495.0,7876.0
50,HIGH ST,40.6993673,-73.99126559999998,261.0,366.0,2867.0,4939.0,4890.0,1677.0,302.0,229.0,2769.0,5041.0,4482.0,1417.0,137.0,1782.0,6265.0,4020.0,6928.0,1280.0,29.0,1865.0,6844.0,4554.0,7491.0,1542.0,21.0,1776.0,6498.0,4508.0,7389.0,1476.0,1.0,1788.0,6816.0,4633.0,7373.0,1576.0,35.0,1734.0,6360.0,5246.0,7231.0
51,BROOKLYN BRIDGE,40.6993673,-73.99126559999998,420.0,590.0,2772.0,5099.0,4872.0,1785.0,328.0,374.0,2163.0,4344.0,4189.0,1336.0,184.0,3405.0,10855.0,8386.0,11704.0,2427.0,260.0,3472.0,11419.0,9019.0,12299.0,2790.0,323.0,3485.0,11410.0,8962.0,12470.0,2950.0,326.0,3623.0,11367.0,9368.0,12336.0,2836.0,384.0,3059.0,10429.0,9375.0,10499.0
52,103 ST-CORONA,40.7498268,-73.862746,1425.0,2577.0,3843.0,4346.0,4838.0,2841.0,1258.0,1221.0,2849.0,3540.0,3532.0,2658.0,841.0,8198.0,6857.0,6061.0,8583.0,3717.0,955.0,8422.0,6886.0,6020.0,9169.0,4004.0,1098.0,8241.0,7057.0,6179.0,8886.0,3847.0,1193.0,8494.0,6912.0,6036.0,9666.0,4058.0,1302.0,8359.0,6911.0,6013.0,9009.0
53,GRAND-NEWTOWN,40.736835,-73.87758840000001,622.0,2047.0,4755.0,4872.0,4799.0,2609.0,612.0,1145.0,3798.0,4318.0,3835.0,2076.0,377.0,6066.0,8252.0,5229.0,7337.0,2648.0,467.0,6380.0,8175.0,5349.0,7405.0,2996.0,448.0,5928.0,8376.0,5285.0,7051.0,2908.0,527.0,6127.0,8243.0,5340.0,7314.0,3097.0,484.0,5839.0,8278.0,5379.0,7198.0
54,181 ST,40.84913,-73.93372889999998,1082.0,1333.0,3498.0,4602.0,4793.0,2988.0,898.0,864.0,2654.0,4076.0,4349.0,2417.0,575.0,3182.0,5302.0,5449.0,7001.0,3075.0,860.0,3156.0,5360.0,5164.0,7162.0,3465.0,921.0,3282.0,5258.0,5717.0,7020.0,3399.0,930.0,3230.0,5311.0,5434.0,7380.0,3488.0,961.0,3202.0,5223.0,5830.0,6768.0
55,167 ST,40.835598,-73.9213791,1026.0,2284.0,4018.0,4829.0,4764.0,2858.0,880.0,1587.0,3070.0,3905.0,3871.0,2297.0,800.0,5818.0,6908.0,6183.0,7880.0,3060.0,845.0,6070.0,6938.0,6179.0,7771.0,3363.0,837.0,5944.0,6910.0,6684.0,7822.0,3181.0,914.0,6025.0,7067.0,6029.0,8153.0,3206.0,951.0,5821.0,6938.0,6501.0,7597.0
56,82 ST-JACKSON H,40.7477145,-73.8839373,1038.0,1001.0,3085.0,4641.0,4758.0,2804.0,924.0,697.0,2098.0,3852.0,3780.0,2447.0,685.0,3906.0,6686.0,7453.0,9844.0,3655.0,670.0,4019.0,6616.0,7420.0,10454.0,4170.0,767.0,3802.0,6648.0,7903.0,9910.0,3914.0,793.0,3905.0,6584.0,7460.0,10001.0,3976.0,865.0,3742.0,6466.0,7581.0,10242.0
57,KINGS HWY,40.60867440000001,-73.9578059,612.0,1394.0,3745.0,4485.0,4592.0,2385.0,564.0,1007.0,3596.0,4507.0,4314.0,2022.0,300.0,6252.0,9659.0,7168.0,11696.0,3514.0,391.0,6324.0,9720.0,7049.0,11451.0,3988.0,465.0,6176.0,9809.0,7597.0,12016.0,3841.0,434.0,6205.0,9985.0,7357.0,12091.0,3880.0,472.0,6030.0,9063.0,7878.0,10195.0
58,3 AV-149 ST,40.816129,-73.917811,817.0,1937.0,4321.0,5392.0,4557.0,2383.0,568.0,1125.0,2701.0,4216.0,3549.0,1734.0,483.0,5507.0,8355.0,7732.0,8245.0,2388.0,576.0,5769.0,8404.0,7921.0,8551.0,2676.0,528.0,5490.0,8348.0,8248.0,8412.0,2740.0,592.0,5627.0,8117.0,7744.0,8704.0,2769.0,506.0,5271.0,8167.0,8423.0,8441.0
59,EAST BROADWAY,40.714402899999996,-73.98991880000001,621.0,860.0,3495.0,4357.0,4475.0,2608.0,551.0,543.0,2828.0,4065.0,4075.0,1812.0,300.0,2313.0,5447.0,4285.0,5966.0,2008.0,212.0,2385.0,5378.0,4679.0,6782.0,2719.0,369.0,2287.0,5439.0,4714.0,6631.0,2715.0,337.0,2383.0,5493.0,4812.0,6841.0,2706.0,361.0,2244.0,5274.0,5095.0,6443.0
60,72 ST,40.778453000000006,-73.98196999999998,211.0,253.0,1979.0,4510.0,4370.0,1442.0,263.0,169.0,2100.0,4890.0,4197.0,883.0,77.0,902.0,3712.0,3191.0,4671.0,1055.0,103.0,987.0,3960.0,3559.0,5382.0,1266.0,94.0,954.0,4185.0,3598.0,5244.0,1190.0,107.0,933.0,4231.0,3598.0,5364.0,1257.0,120.0,887.0,4036.0,4052.0,4972.0
61,WALL ST,40.706396500000004,-74.0094441,532.0,546.0,2789.0,4062.0,4221.0,2072.0,393.0,353.0,2322.0,3279.0,3081.0,1435.0,202.0,4711.0,16036.0,6954.0,17808.0,2742.0,319.0,4809.0,16688.0,7252.0,18506.0,3366.0,323.0,4784.0,16948.0,7776.0,18500.0,3492.0,345.0,4634.0,16427.0,7595.0,18613.0,3522.0,377.0,3839.0,14624.0,8164.0,15659.0
62,21 ST-QNSBRIDGE,40.75417770000001,-73.94247419999998,659.0,1215.0,3901.0,4179.0,4072.0,2417.0,645.0,830.0,3198.0,3363.0,3074.0,1766.0,416.0,2656.0,4980.0,3645.0,4962.0,2038.0,464.0,2802.0,4939.0,3535.0,4915.0,2213.0,464.0,2847.0,5168.0,3881.0,4889.0,2261.0,448.0,2768.0,4994.0,3823.0,5281.0,2437.0,756.0,2584.0,5039.0,4034.0,4957.0
63,HOYT-SCHER,40.688828799999996,-73.98531249999998,474.0,497.0,2289.0,3911.0,4069.0,2114.0,492.0,351.0,1848.0,3503.0,3321.0,1366.0,257.0,1605.0,5336.0,4757.0,6691.0,2164.0,244.0,1626.0,5268.0,4548.0,6822.0,2305.0,241.0,1651.0,5349.0,4819.0,6641.0,2268.0,281.0,1612.0,5209.0,4906.0,6548.0,2323.0,308.0,1528.0,4930.0,4817.0,6629.0
64,FRANKLIN AV,40.7190056,-74.0066801,725.0,725.0,3054.0,4271.0,3951.0,2456.0,730.0,478.0,2332.0,3578.0,3250.0,1562.0,295.0,2803.0,6926.0,3540.0,6283.0,2765.0,328.0,2923.0,7054.0,3613.0,6225.0,3096.0,368.0,2940.0,7210.0,3776.0,6174.0,2974.0,391.0,2812.0,7075.0,3622.0,6274.0,3231.0,446.0,2579.0,6548.0,4027.0,5740.0
65,168 ST,40.841041,-73.939971,467.0,1419.0,3335.0,4097.0,3842.0,2276.0,479.0,1054.0,2628.0,3495.0,3309.0,1783.0,286.0,2978.0,6562.0,6455.0,9658.0,2088.0,329.0,4528.0,9340.0,6913.0,10441.0,2447.0,322.0,2498.0,4574.0,7279.0,9740.0,2278.0,365.0,4465.0,9242.0,6826.0,10270.0,2462.0,365.0,4066.0,9180.0,6880.0,9339.0
66,NEVINS ST,40.6882963,-73.98052059999999,437.0,633.0,2423.0,3633.0,3772.0,1683.0,393.0,412.0,1547.0,2915.0,2558.0,1160.0,218.0,2306.0,5521.0,4504.0,6316.0,1782.0,257.0,2390.0,5516.0,4570.0,6615.0,2026.0,303.0,2347.0,5412.0,4624.0,6585.0,2083.0,307.0,2345.0,5668.0,4840.0,6703.0,2182.0,298.0,2176.0,5232.0,4892.0,6380.0
67,5 AVE,40.760216299999996,-73.975543,310.0,482.0,1775.0,3523.0,3618.0,1247.0,284.0,247.0,1185.0,2523.0,2693.0,918.0,119.0,1640.0,6624.0,4185.0,9168.0,2127.0,268.0,1901.0,7201.0,4477.0,9435.0,2270.0,285.0,1877.0,7126.0,4622.0,9628.0,2433.0,288.0,1839.0,7130.0,4641.0,9387.0,2443.0,316.0,1646.0,6488.0,4761.0,8521.0
68,PROSPECT PARK,40.66087879999999,-73.9621109,625.0,645.0,2598.0,3410.0,3506.0,1844.0,610.0,524.0,2040.0,3373.0,3252.0,1523.0,315.0,2428.0,4867.0,3214.0,5651.0,2363.0,406.0,2417.0,5022.0,3334.0,5701.0,2659.0,378.0,2465.0,5258.0,3530.0,5925.0,2599.0,384.0,2478.0,5243.0,3466.0,5753.0,2733.0,456.0,2346.0,4964.0,3741.0,5582.0
69,CENTRAL PK N110,40.798737599999995,-73.9522934,805.0,930.0,2272.0,3409.0,3467.0,2299.0,668.0,625.0,2132.0,3235.0,2956.0,1835.0,441.0,2543.0,4536.0,3740.0,,,421.0,2738.0,4593.0,3875.0,5642.0,2423.0,489.0,2661.0,4693.0,4188.0,5356.0,2414.0,457.0,2589.0,4676.0,4029.0,5443.0,2464.0,504.0,2558.0,4577.0,4166.0,5118.0
70,LEXINGTON AV/53,40.757698100000006,-73.96907420000001,628.0,586.0,1131.0,1894.0,3432.0,1929.0,390.0,345.0,1579.0,2226.0,2384.0,1200.0,206.0,8601.0,29022.0,13541.0,30870.0,4978.0,319.0,6416.0,30504.0,14763.0,31892.0,6001.0,441.0,8841.0,30246.0,15145.0,31974.0,6362.0,477.0,8700.0,30169.0,15442.0,31457.0,6002.0,447.0,7962.0,27964.0,16180.0,29635.0
71,63 DR-REGO PARK,40.7301359,-73.86236729999999,236.0,903.0,2972.0,3890.0,3413.0,1508.0,279.0,621.0,2426.0,3402.0,3024.0,1026.0,148.0,3861.0,6633.0,4315.0,5314.0,1511.0,156.0,4053.0,6758.0,4027.0,5541.0,1648.0,207.0,3955.0,6675.0,4327.0,5559.0,1668.0,173.0,4017.0,6721.0,4275.0,5612.0,1725.0,206.0,3683.0,6448.0,4363.0,5276.0
72,3 AV,40.733135299999994,-73.98675829999998,1586.0,514.0,1165.0,2499.0,3357.0,2452.0,664.0,114.0,925.0,2074.0,2534.0,1352.0,193.0,971.0,2713.0,2378.0,3875.0,1835.0,160.0,1000.0,2895.0,2428.0,4913.0,2276.0,226.0,1005.0,2921.0,1440.0,2827.0,2239.0,245.0,1002.0,2757.0,2413.0,4321.0,2571.0,354.0,930.0,2720.0,1814.0,2630.0
73,175 ST,40.847916600000005,-73.9394823,418.0,972.0,2848.0,3308.0,3345.0,2043.0,427.0,593.0,2230.0,2958.0,2647.0,1415.0,227.0,3323.0,5537.0,3365.0,5515.0,1607.0,226.0,3366.0,5709.0,3477.0,5710.0,1838.0,220.0,3195.0,5826.0,3722.0,5542.0,1720.0,238.0,3191.0,5744.0,3574.0,5877.0,1836.0,243.0,3075.0,5277.0,3962.0,5714.0
74,53 ST,40.760216299999996,-73.975543,606.0,1142.0,2832.0,3117.0,3237.0,1857.0,603.0,765.0,2199.0,2518.0,2724.0,1465.0,354.0,3158.0,4255.0,3683.0,5516.0,2172.0,364.0,3263.0,4460.0,3884.0,5471.0,2302.0,427.0,3163.0,4437.0,3886.0,5532.0,2142.0,456.0,3285.0,4420.0,3744.0,5712.0,2373.0,436.0,3129.0,4184.0,4058.0,5381.0
75,110 ST,40.798737599999995,-73.9522934,666.0,976.0,2774.0,3430.0,3222.0,1909.0,599.0,611.0,2029.0,2649.0,2620.0,1479.0,356.0,3142.0,5261.0,4397.0,5595.0,1905.0,338.0,3284.0,5344.0,4401.0,5632.0,2110.0,406.0,3262.0,5373.0,4681.0,5658.0,2179.0,421.0,3256.0,5068.0,4536.0,5721.0,2180.0,465.0,2923.0,4765.0,4646.0,5635.0
76,BEDFORD-NOSTRAN,40.6898534,-73.9516398,628.0,781.0,2326.0,3460.0,3178.0,1556.0,445.0,487.0,2029.0,2440.0,2357.0,1150.0,297.0,1923.0,4496.0,2174.0,3462.0,1589.0,342.0,2007.0,4610.0,2154.0,3588.0,1870.0,359.0,2106.0,4632.0,2313.0,3544.0,1745.0,356.0,1984.0,4787.0,2276.0,3622.0,1657.0,406.0,1831.0,4402.0,2436.0,3434.0
77,GRAHAM AV,40.714526299999996,-73.94438180000002,747.0,387.0,1742.0,2784.0,3116.0,2084.0,526.0,233.0,1476.0,2439.0,2494.0,1337.0,217.0,1735.0,5022.0,2462.0,4127.0,1868.0,223.0,1798.0,5274.0,2473.0,4146.0,2330.0,249.0,1755.0,5236.0,2531.0,4490.0,2162.0,276.0,1798.0,5320.0,2581.0,4516.0,2324.0,336.0,1631.0,4914.0,2229.0,4257.0
78,46 ST BLISS ST,40.7430691,-73.91824030000002,804.0,1067.0,2383.0,3108.0,2975.0,1852.0,553.0,595.0,1749.0,2283.0,2363.0,1611.0,364.0,3600.0,5533.0,4115.0,6027.0,2584.0,424.0,3699.0,5815.0,4055.0,6465.0,2748.0,458.0,3720.0,5701.0,4358.0,5944.0,2824.0,488.0,3706.0,5829.0,4045.0,6229.0,2910.0,523.0,3541.0,5460.0,4248.0,6206.0
79,CHRISTOPHER ST,40.733578400000006,-74.00287279999998,968.0,217.0,1060.0,2233.0,2962.0,2581.0,971.0,175.0,782.0,1880.0,2360.0,1427.0,272.0,947.0,3898.0,3350.0,5401.0,2915.0,446.0,926.0,4024.0,3238.0,5670.0,3429.0,507.0,1037.0,4059.0,3638.0,6276.0,3649.0,493.0,936.0,4134.0,3590.0,5942.0,4013.0,704.0,917.0,3813.0,3962.0,6761.0
80,191 ST,40.855738,-73.9306512,735.0,903.0,2210.0,2816.0,2960.0,2111.0,651.0,630.0,1647.0,2532.0,2653.0,1708.0,365.0,2676.0,3570.0,3397.0,4642.0,2296.0,532.0,2694.0,3674.0,3276.0,4887.0,2506.0,553.0,2686.0,3504.0,3435.0,4852.0,2501.0,584.0,2719.0,3644.0,3335.0,4814.0,2553.0,441.0,1903.0,3470.0,3590.0,4536.0
81,ROOSEVELT ISLND,40.7591362,-73.9533215,315.0,364.0,1903.0,2816.0,2950.0,1664.0,289.0,266.0,1643.0,2784.0,2511.0,1132.0,125.0,1564.0,3955.0,2643.0,4095.0,1740.0,134.0,1696.0,4122.0,2699.0,4218.0,1816.0,146.0,1681.0,4211.0,2853.0,4259.0,1892.0,161.0,1684.0,4108.0,3024.0,4135.0,1941.0,127.0,1571.0,4005.0,2960.0,3938.0
82,BROADWAY JCT,40.6789137,-73.9039,826.0,1398.0,2463.0,2861.0,2896.0,2113.0,780.0,1145.0,2139.0,2596.0,2382.0,1740.0,456.0,,3488.0,3421.0,,1608.0,489.0,2847.0,3578.0,3629.0,4545.0,1978.0,524.0,2793.0,3722.0,3536.0,4159.0,1899.0,513.0,2886.0,3716.0,3601.0,4344.0,1949.0,518.0,2740.0,3612.0,3841.0,4216.0
83,HOYT ST,40.688828799999996,-73.98531249999998,199.0,292.0,1562.0,2875.0,2891.0,1353.0,204.0,178.0,1460.0,2555.0,2123.0,721.0,117.0,1167.0,3732.0,3294.0,4792.0,1359.0,104.0,1175.0,3827.0,3075.0,4838.0,1596.0,128.0,1221.0,3823.0,3343.0,4868.0,1494.0,127.0,1096.0,3919.0,3406.0,4965.0,1639.0,144.0,1046.0,3620.0,3490.0,4689.0
84,135 ST,40.817894,-73.947647,584.0,850.0,2596.0,3249.0,2881.0,1824.0,558.0,653.0,2326.0,2953.0,2315.0,1377.0,318.0,2864.0,5139.0,3704.0,4992.0,2058.0,398.0,3030.0,5262.0,3720.0,4842.0,2044.0,348.0,2940.0,5302.0,3825.0,4882.0,2049.0,346.0,2870.0,5454.0,3804.0,5290.0,2195.0,408.0,2716.0,5131.0,4145.0,4864.0
85,ELMHURST AV,40.74244789999999,-73.88198440000001,287.0,1415.0,3339.0,3230.0,2792.0,1322.0,274.0,955.0,2956.0,3005.0,2233.0,1000.0,183.0,3730.0,5209.0,2847.0,3131.0,1113.0,198.0,3991.0,5315.0,2839.0,3276.0,1201.0,181.0,3758.0,5290.0,3086.0,3295.0,1175.0,200.0,3799.0,5309.0,2921.0,3312.0,1183.0,215.0,3671.0,5039.0,3019.0,3254.0
86,RECTOR ST,40.7078954,-74.01363649999998,327.0,387.0,2319.0,3058.0,2775.0,1211.0,220.0,268.0,1839.0,2360.0,2161.0,847.0,87.0,1686.0,7084.0,4839.0,7715.0,1473.0,198.0,1805.0,7159.0,4552.0,8148.0,1648.0,201.0,1859.0,7204.0,5010.0,8236.0,1744.0,213.0,1785.0,7353.0,4905.0,8290.0,1866.0,318.0,1670.0,6650.0,5385.0,7720.0
87,4AV-9 ST,40.6701803,-73.98929150000002,398.0,492.0,1939.0,2687.0,2771.0,1258.0,316.0,289.0,1537.0,2428.0,1898.0,884.0,141.0,1924.0,4782.0,2924.0,4273.0,1320.0,118.0,1917.0,4867.0,3018.0,4522.0,1555.0,162.0,1969.0,5005.0,2940.0,4536.0,1603.0,161.0,1973.0,4980.0,3025.0,4558.0,1673.0,199.0,1875.0,4757.0,3117.0,4450.0
88,96 ST,40.7858701,-73.95093469999998,230.0,284.0,1499.0,2744.0,2756.0,1225.0,238.0,203.0,1414.0,2859.0,2597.0,912.0,117.0,1672.0,4487.0,3478.0,5627.0,1246.0,97.0,1740.0,4717.0,3763.0,6031.0,1395.0,102.0,1719.0,4648.0,3753.0,6046.0,1378.0,121.0,1712.0,4711.0,3796.0,6002.0,1365.0,126.0,1609.0,4609.0,4064.0,5523.0
89,JAMAICA 179 ST,40.71264420000001,-73.7838184,597.0,2273.0,3012.0,2925.0,2738.0,1671.0,597.0,1373.0,2173.0,2488.0,2229.0,1492.0,464.0,9787.0,7767.0,4423.0,6591.0,2381.0,496.0,10210.0,7943.0,4556.0,6602.0,2458.0,537.0,9936.0,8028.0,4723.0,6702.0,2304.0,633.0,10159.0,7916.0,4586.0,6703.0,2475.0,543.0,9464.0,7340.0,4378.0,6434.0
90,BRIGHTON BEACH,40.5776648,-73.96127690000002,246.0,973.0,2421.0,2948.0,2699.0,1275.0,262.0,676.0,2000.0,2870.0,2667.0,993.0,193.0,3289.0,5117.0,5035.0,5310.0,1787.0,171.0,3200.0,4964.0,4990.0,5317.0,1850.0,197.0,3145.0,4893.0,5152.0,5548.0,1803.0,199.0,3166.0,5071.0,5215.0,5451.0,1806.0,214.0,3041.0,4319.0,4448.0,4635.0
91,CARROLL ST,40.679331299999994,-73.9954833,310.0,319.0,1694.0,2664.0,2697.0,1303.0,269.0,210.0,1505.0,2486.0,1910.0,821.0,118.0,1958.0,5716.0,2777.0,4632.0,1324.0,110.0,2124.0,5845.0,2990.0,4674.0,1464.0,127.0,2032.0,5721.0,2954.0,4717.0,1492.0,134.0,2016.0,5829.0,2966.0,4788.0,1633.0,134.0,1801.0,5480.0,3268.0,4597.0
92,149/GRAND CONC,40.8183248,-73.9274121,714.0,1070.0,2929.0,3265.0,2657.0,1680.0,711.0,1106.0,2779.0,3071.0,2302.0,1422.0,395.0,2932.0,5157.0,5715.0,5918.0,2337.0,713.0,3047.0,5118.0,5399.0,6129.0,2365.0,708.0,3008.0,5397.0,5941.0,5907.0,2415.0,718.0,2949.0,5185.0,5660.0,6382.0,2307.0,761.0,2707.0,4541.0,5045.0,4977.0
93,UNION ST,40.6771729,-73.98324670000001,460.0,382.0,1472.0,2214.0,2596.0,1588.0,451.0,283.0,1243.0,1921.0,,,151.0,1308.0,3667.0,1990.0,3840.0,1350.0,121.0,1448.0,3831.0,2025.0,4115.0,1507.0,110.0,1369.0,3993.0,2180.0,3962.0,1632.0,155.0,1491.0,3951.0,2169.0,4252.0,1626.0,186.0,1261.0,3787.0,2373.0,4087.0
94,111 ST,40.75172999999999,-73.855334,908.0,1986.0,2818.0,2452.0,2481.0,1637.0,701.0,1033.0,2278.0,2237.0,2101.0,1348.0,524.0,4843.0,3904.0,3198.0,4559.0,2124.0,599.0,5006.0,3874.0,3338.0,4917.0,2214.0,652.0,4949.0,3794.0,3292.0,4696.0,2084.0,737.0,4987.0,3952.0,3150.0,4822.0,2399.0,778.0,4814.0,3851.0,3228.0,4800.0
95,MONTROSE AV,40.7077716,-73.93986329999998,406.0,387.0,1384.0,2165.0,2441.0,1831.0,525.0,210.0,1109.0,2000.0,1836.0,1085.0,211.0,1216.0,3110.0,1798.0,2797.0,1343.0,218.0,1361.0,3240.0,1780.0,2135.0,1491.0,222.0,1283.0,3173.0,1832.0,2847.0,1338.0,225.0,1304.0,3152.0,1761.0,2868.0,1557.0,339.0,1232.0,3014.0,1976.0,2894.0
96,MORGAN AV,40.70607589999999,-73.93370999999998,435.0,358.0,1129.0,2401.0,2407.0,1571.0,444.0,251.0,1127.0,2212.0,1886.0,972.0,165.0,1272.0,2786.0,1888.0,2929.0,1260.0,211.0,1433.0,3213.0,1992.0,2591.0,1258.0,221.0,1345.0,3084.0,2013.0,3006.0,1288.0,246.0,1404.0,3110.0,2043.0,3026.0,1371.0,274.0,1274.0,2909.0,2304.0,2955.0
97,90 ST-ELMHURST,40.748436700000006,-73.87652890000001,702.0,1794.0,2962.0,2801.0,2368.0,1315.0,511.0,842.0,2249.0,2478.0,1968.0,1236.0,468.0,5616.0,5642.0,4368.0,5659.0,2289.0,518.0,5740.0,5562.0,4510.0,5755.0,2555.0,589.0,5532.0,5837.0,4589.0,5689.0,2382.0,611.0,5699.0,5644.0,4411.0,5630.0,2416.0,632.0,5539.0,5511.0,4481.0,5632.0
98,6 AV,40.7373653,-73.99684529999998,394.0,217.0,1031.0,1950.0,2353.0,1475.0,366.0,127.0,794.0,1465.0,1665.0,739.0,104.0,551.0,1913.0,1522.0,2783.0,1079.0,89.0,625.0,1975.0,1615.0,3372.0,1367.0,118.0,610.0,2055.0,1707.0,3029.0,1280.0,168.0,588.0,2050.0,1630.0,2931.0,1309.0,192.0,517.0,1870.0,1749.0,2916.0
99,BOWERY,40.720166799999994,-73.99353470000001,438.0,270.0,1518.0,2184.0,2321.0,1292.0,450.0,206.0,1240.0,1779.0,1772.0,803.0,189.0,417.0,1593.0,1549.0,2176.0,880.0,189.0,420.0,1583.0,1499.0,2427.0,1251.0,308.0,503.0,1499.0,1667.0,2426.0,1162.0,224.0,430.0,1590.0,1629.0,2412.0,1252.0,290.0,432.0,1563.0,1713.0,2571.0
100,BURNSIDE AV,40.85345299999999,-73.90768400000002,424.0,1141.0,2162.0,2563.0,2276.0,1436.0,432.0,744.0,1533.0,2013.0,1885.0,1221.0,343.0,2744.0,3827.0,4152.0,3996.0,1683.0,439.0,2887.0,3820.0,3988.0,4149.0,1809.0,387.0,2824.0,3818.0,4324.0,4026.0,1768.0,448.0,2843.0,3664.0,3708.0,3976.0,1805.0,436.0,2718.0,3622.0,3921.0,3529.0
101,45 ST,40.6493588,-74.00959069999998,306.0,786.0,1914.0,2349.0,2233.0,1145.0,295.0,499.0,,,1788.0,877.0,216.0,2294.0,3111.0,2169.0,4085.0,1110.0,238.0,2448.0,3201.0,2242.0,3392.0,1276.0,239.0,2424.0,3246.0,2463.0,3338.0,1153.0,268.0,2445.0,3299.0,2269.0,3245.0,1272.0,258.0,2340.0,3111.0,2378.0,3168.0
102,170 ST,40.840050399999996,-73.9133477,501.0,963.0,1892.0,2312.0,2227.0,1307.0,398.0,670.0,1319.0,1927.0,1683.0,1104.0,382.0,2625.0,3057.0,2807.0,3642.0,1568.0,367.0,2654.0,3161.0,2775.0,3718.0,1641.0,447.0,2654.0,3104.0,2846.0,3710.0,1539.0,425.0,2740.0,3091.0,2937.0,3918.0,1602.0,451.0,2504.0,2969.0,2872.0,3750.0
103,169 ST,40.7104152,-73.79374600000001,379.0,826.0,1572.0,2031.0,2205.0,1304.0,405.0,611.0,1277.0,1736.0,1713.0,1031.0,333.0,2679.0,3466.0,3323.0,4631.0,1714.0,334.0,2830.0,3589.0,3278.0,4612.0,1826.0,310.0,2805.0,3509.0,3326.0,4756.0,1610.0,390.0,2727.0,3670.0,3301.0,4784.0,1715.0,293.0,2617.0,3370.0,3289.0,4572.0
104,74 ST-BROADWAY,40.746941899999996,-73.89146020000001,311.0,398.0,1303.0,2116.0,2180.0,1259.0,320.0,278.0,1060.0,1865.0,1873.0,1191.0,219.0,667.0,1427.0,1788.0,2546.0,1139.0,203.0,650.0,1412.0,1757.0,2642.0,1131.0,225.0,676.0,1305.0,,2546.0,1293.0,211.0,,1312.0,1677.0,2533.0,1280.0,201.0,639.0,1352.0,1745.0,2651.0
105,40 ST LOWERY ST,40.7438729,-73.92423409999998,620.0,509.0,1653.0,2181.0,2163.0,1482.0,417.0,332.0,1327.0,1735.0,1908.0,1252.0,235.0,3128.0,5062.0,3616.0,5621.0,2010.0,285.0,3185.0,5352.0,3621.0,5707.0,2196.0,282.0,3113.0,5151.0,3975.0,5365.0,2327.0,339.0,3078.0,5308.0,3567.0,5658.0,2500.0,379.0,2900.0,5135.0,4047.0,5279.0
106,CASTLE HILL AV,40.83429599999999,-73.85168399999998,452.0,836.0,1544.0,1989.0,2099.0,1242.0,441.0,598.0,1221.0,1630.0,1670.0,1052.0,327.0,2821.0,2170.0,2193.0,3731.0,1393.0,416.0,2996.0,2588.0,2659.0,3841.0,1533.0,431.0,2860.0,2691.0,2767.0,3790.0,1494.0,429.0,2970.0,2607.0,2686.0,3881.0,1620.0,428.0,2736.0,2662.0,2747.0,3697.0
107,HALSEY ST,40.69577750000001,-73.9044092,495.0,572.0,1418.0,1778.0,2067.0,1335.0,549.0,371.0,1332.0,1745.0,1732.0,1083.0,250.0,2556.0,3137.0,2054.0,3354.0,1418.0,251.0,2578.0,3112.0,2013.0,3017.0,1727.0,281.0,2632.0,3326.0,2165.0,3552.0,1624.0,323.0,2663.0,3375.0,2169.0,3453.0,1655.0,299.0,2516.0,3222.0,2300.0,3206.0
108,CLARK ST,40.6974878,-73.99314090000001,164.0,157.0,1108.0,1896.0,1989.0,1016.0,163.0,109.0,1051.0,2007.0,1622.0,698.0,65.0,693.0,2386.0,1256.0,2580.0,1114.0,74.0,767.0,2492.0,1650.0,2411.0,1104.0,79.0,732.0,2501.0,1657.0,2552.0,1191.0,82.0,731.0,2762.0,1946.0,2584.0,1245.0,105.0,711.0,2301.0,1919.0,2586.0
109,SUTTER AV-RUTLD,40.664992100000006,-73.92290849999998,480.0,745.0,1611.0,2058.0,1980.0,1214.0,442.0,571.0,1216.0,1608.0,1542.0,1043.0,315.0,2754.0,3089.0,2866.0,4044.0,1512.0,382.0,2855.0,3062.0,2769.0,4085.0,1671.0,370.0,2842.0,2882.0,2990.0,4351.0,1593.0,395.0,2826.0,2944.0,2825.0,4333.0,1639.0,382.0,2649.0,2989.0,3124.0,4048.0
110,EASTN PKWY-MUSM,40.671993799999996,-73.96420649999999,179.0,148.0,1289.0,2313.0,1911.0,789.0,225.0,113.0,890.0,2144.0,1529.0,472.0,69.0,713.0,2376.0,1835.0,2060.0,778.0,72.0,742.0,2459.0,1746.0,2201.0,933.0,100.0,733.0,2536.0,2196.0,2561.0,967.0,114.0,675.0,2676.0,2204.0,2657.0,1209.0,119.0,637.0,2568.0,2373.0,
111,BAY RIDGE AV,40.634968,-74.023376,271.0,638.0,1946.0,2046.0,1862.0,1135.0,244.0,449.0,1448.0,1962.0,1606.0,856.0,153.0,2512.0,3441.0,2354.0,3355.0,1089.0,214.0,2555.0,3495.0,2391.0,3254.0,1237.0,177.0,2506.0,3407.0,2503.0,3300.0,1238.0,225.0,2566.0,3557.0,2265.0,3255.0,1310.0,224.0,2361.0,3323.0,2467.0,3078.0
112,OZONE PK LEFFRT,40.685956700000006,-73.8257601,390.0,1152.0,1525.0,1692.0,1856.0,1049.0,301.0,741.0,1140.0,1458.0,1351.0,974.0,266.0,3910.0,2662.0,2109.0,3779.0,1165.0,326.0,4150.0,2696.0,1953.0,4008.0,1397.0,311.0,4118.0,2668.0,2152.0,3677.0,1269.0,389.0,4086.0,2607.0,2081.0,3850.0,1412.0,309.0,3953.0,2582.0,2115.0,3916.0
113,JEFFERSON ST,40.7065868,-73.922872,523.0,432.0,1139.0,1858.0,1840.0,1336.0,651.0,353.0,1047.0,1735.0,1584.0,714.0,163.0,1331.0,2635.0,1537.0,2215.0,744.0,128.0,1361.0,2716.0,1650.0,2279.0,833.0,172.0,1408.0,2710.0,1645.0,2396.0,1129.0,290.0,1412.0,2662.0,1700.0,2398.0,1070.0,391.0,1240.0,2570.0,1897.0,2480.0
114,MORISN AV/SNDVW,40.8294898,-73.8746754,545.0,960.0,1632.0,1889.0,1784.0,1268.0,442.0,612.0,1222.0,1650.0,1442.0,1023.0,383.0,2685.0,2461.0,2235.0,2705.0,1281.0,439.0,2694.0,2245.0,2226.0,2906.0,1462.0,471.0,2775.0,2441.0,2328.0,2871.0,1418.0,437.0,2825.0,2444.0,2206.0,2967.0,1506.0,449.0,2709.0,2333.0,2350.0,2790.0
115,207 ST,40.8676635,-73.9212009,241.0,571.0,1563.0,1818.0,1776.0,1120.0,246.0,399.0,1193.0,1714.0,1479.0,821.0,182.0,1635.0,2120.0,2013.0,2331.0,931.0,182.0,1694.0,2305.0,1955.0,2410.0,1061.0,211.0,1633.0,2150.0,,,,,,,,,,,,,,
116,EUCLID AV,40.6754013,-73.8719033,301.0,1071.0,2087.0,2120.0,1768.0,999.0,334.0,756.0,1581.0,1743.0,1354.0,860.0,237.0,3695.0,3875.0,2653.0,2665.0,995.0,255.0,3639.0,3696.0,2706.0,2687.0,1123.0,288.0,3540.0,3868.0,2820.0,2686.0,1146.0,256.0,3533.0,3779.0,2702.0,2728.0,1104.0,243.0,3379.0,3688.0,2811.0,2685.0
117,GRAND ARMY PLAZ,40.6752403,-73.97104159999998,141.0,144.0,1196.0,1918.0,1698.0,867.0,157.0,106.0,874.0,1724.0,1452.0,469.0,51.0,978.0,3580.0,1804.0,2720.0,772.0,42.0,1061.0,3669.0,1657.0,2928.0,926.0,52.0,1044.0,3564.0,1819.0,2716.0,912.0,44.0,1053.0,3642.0,1810.0,2887.0,877.0,59.0,957.0,3275.0,1808.0,2404.0
118,PARSONS BLVD,40.707714,-73.8028238,437.0,992.0,1663.0,1672.0,1682.0,1097.0,440.0,654.0,1221.0,1521.0,1586.0,900.0,354.0,2653.0,3170.0,2856.0,3926.0,1590.0,363.0,2915.0,3056.0,3021.0,4164.0,1503.0,353.0,2808.0,2976.0,2713.0,4108.0,1404.0,433.0,2753.0,3232.0,2905.0,4046.0,1517.0,424.0,2775.0,2966.0,2810.0,3611.0
119,231 ST,40.87899229999999,-73.904939,150.0,674.0,1676.0,1921.0,1678.0,799.0,160.0,473.0,1306.0,1774.0,1341.0,658.0,117.0,2645.0,3150.0,2147.0,2485.0,841.0,107.0,2770.0,3307.0,2232.0,2507.0,951.0,109.0,2822.0,3222.0,2387.0,2525.0,900.0,116.0,2856.0,3297.0,2276.0,2611.0,945.0,155.0,2630.0,3080.0,2240.0,2435.0
120,SMITH-9 ST,40.6746048,-73.99703970000002,239.0,498.0,1344.0,1843.0,1629.0,858.0,214.0,206.0,837.0,1366.0,1238.0,667.0,122.0,1560.0,2593.0,2124.0,2947.0,824.0,148.0,1665.0,2608.0,2065.0,3019.0,975.0,130.0,1570.0,2698.0,2228.0,2947.0,856.0,154.0,1561.0,2727.0,2151.0,3120.0,948.0,152.0,1555.0,2538.0,2398.0,2870.0
121,4 AV-9 ST,40.6701803,-73.98929150000002,323.0,209.0,831.0,1248.0,1621.0,862.0,206.0,117.0,611.0,1205.0,1107.0,600.0,89.0,860.0,1823.0,1409.0,3075.0,942.0,124.0,879.0,1941.0,1349.0,3099.0,1145.0,126.0,976.0,1935.0,1456.0,3240.0,1143.0,132.0,931.0,1865.0,1524.0,3158.0,1215.0,151.0,847.0,1896.0,1798.0,2930.0
122,67 AV,40.7263823,-73.8515929,206.0,581.0,1737.0,1842.0,1613.0,881.0,200.0,335.0,1512.0,1599.0,1357.0,652.0,108.0,2708.0,4204.0,2174.0,3662.0,1025.0,139.0,2867.0,4421.0,2152.0,3764.0,1142.0,121.0,2865.0,4391.0,2358.0,3487.0,1149.0,134.0,2803.0,4403.0,2302.0,3630.0,1191.0,164.0,2513.0,4258.0,2381.0,3196.0
123,ROCKAWAY AV,40.6625632,-73.9089054,380.0,547.0,1265.0,1590.0,1602.0,1103.0,396.0,432.0,872.0,1366.0,1269.0,894.0,253.0,1926.0,2344.0,2352.0,2996.0,1029.0,282.0,1950.0,2434.0,2507.0,3059.0,1228.0,292.0,1970.0,2347.0,2486.0,2962.0,1185.0,276.0,1960.0,2347.0,2348.0,3119.0,1133.0,299.0,1842.0,2272.0,2485.0,2868.0
124,PELHAM BAY PARK,40.852930799999996,-73.8270555,265.0,713.0,1246.0,1564.0,1596.0,831.0,246.0,428.0,1020.0,1443.0,1447.0,768.0,211.0,3089.0,2639.0,1960.0,2542.0,919.0,202.0,3294.0,2615.0,1929.0,2501.0,1017.0,209.0,3285.0,2475.0,1997.0,2595.0,953.0,205.0,3245.0,2638.0,1949.0,2387.0,985.0,217.0,3037.0,2483.0,1892.0,2458.0
125,CLASSON AV,40.688873,-73.96007,256.0,293.0,1117.0,1536.0,1591.0,921.0,251.0,174.0,907.0,1275.0,1259.0,619.0,116.0,1283.0,2835.0,1758.0,3217.0,1248.0,121.0,1276.0,3018.0,1761.0,3300.0,1417.0,155.0,1263.0,2982.0,1894.0,3284.0,1337.0,140.0,1294.0,2978.0,1866.0,3436.0,1458.0,164.0,1209.0,2851.0,2023.0,3274.0
126,NEW LOTS AV,40.6663015,-73.88371579999998,500.0,691.0,1228.0,1643.0,1588.0,1262.0,477.0,570.0,950.0,1311.0,1303.0,993.0,385.0,2520.0,2361.0,2201.0,3287.0,1414.0,426.0,2550.0,2518.0,2383.0,3341.0,1520.0,421.0,2554.0,2306.0,2501.0,3323.0,1441.0,441.0,2477.0,2371.0,2289.0,3458.0,1454.0,459.0,2458.0,2246.0,2493.0,3177.0
127,GRANT AV,40.6768777,-73.86534619999998,436.0,804.0,1438.0,1583.0,1564.0,1060.0,355.0,575.0,1075.0,1373.0,1332.0,898.0,271.0,2275.0,2600.0,2017.0,2885.0,1181.0,371.0,2302.0,2511.0,2064.0,2869.0,1305.0,353.0,2313.0,2553.0,2108.0,2748.0,1176.0,355.0,2282.0,2559.0,2059.0,2845.0,1249.0,370.0,2218.0,2395.0,2139.0,2646.0
128,STERLING ST,40.6632908,-73.951044,280.0,348.0,1225.0,1582.0,1562.0,919.0,227.0,288.0,1048.0,1401.0,1193.0,688.0,168.0,1519.0,2941.0,1947.0,2907.0,1027.0,122.0,1629.0,3029.0,1957.0,3091.0,1193.0,182.0,1635.0,3015.0,2015.0,2995.0,1179.0,189.0,1544.0,3053.0,1985.0,2906.0,1220.0,162.0,1472.0,2894.0,2162.0,2833.0
129,PROSPECT AV,40.66541369999999,-73.99292590000002,293.0,370.0,1201.0,1586.0,1515.0,754.0,305.0,207.0,903.0,1279.0,1167.0,608.0,115.0,1611.0,3269.0,1879.0,2866.0,876.0,167.0,1711.0,3472.0,1902.0,3078.0,1043.0,172.0,1673.0,3465.0,1976.0,2971.0,1061.0,177.0,1626.0,3408.0,1899.0,2830.0,1070.0,199.0,1534.0,3210.0,2085.0,2785.0
130,18 ST,40.74122390000001,-73.9980319,249.0,199.0,654.0,1469.0,1485.0,776.0,211.0,99.0,569.0,1074.0,1126.0,486.0,87.0,738.0,3604.0,2935.0,4892.0,1279.0,158.0,826.0,3885.0,3205.0,5438.0,1689.0,210.0,822.0,3819.0,3371.0,5768.0,1819.0,171.0,843.0,3637.0,3334.0,5513.0,1957.0,255.0,761.0,3483.0,3525.0,5445.0
131,SARATOGA AV,40.669094,-73.91828199999998,351.0,599.0,1165.0,1335.0,1468.0,1001.0,329.0,394.0,799.0,1047.0,1111.0,823.0,249.0,2295.0,2372.0,1983.0,3177.0,1160.0,262.0,2437.0,2262.0,1854.0,3125.0,1480.0,277.0,2388.0,2329.0,2037.0,3234.0,1324.0,275.0,2331.0,2292.0,1896.0,3428.0,1232.0,287.0,2234.0,2157.0,2067.0,2935.0
132,WILSON AV,40.6887823,-73.90467240000001,336.0,322.0,933.0,1283.0,1468.0,1082.0,343.0,153.0,752.0,1249.0,1289.0,870.0,190.0,1286.0,2013.0,1488.0,2382.0,1166.0,170.0,1390.0,2053.0,1471.0,2084.0,1423.0,218.0,1424.0,2040.0,1568.0,2437.0,1249.0,274.0,1360.0,2080.0,1571.0,2500.0,1248.0,249.0,1352.0,1980.0,1650.0,2316.0
133,V.CORTLANDT PK,40.89642429999999,-73.8852842,319.0,686.0,1325.0,1550.0,1429.0,778.0,285.0,464.0,1079.0,1397.0,1223.0,674.0,141.0,2797.0,2462.0,1512.0,2325.0,860.0,164.0,2870.0,2515.0,1540.0,2468.0,961.0,175.0,2923.0,2423.0,1627.0,2547.0,983.0,184.0,2848.0,2418.0,1518.0,2450.0,1002.0,195.0,2650.0,2366.0,1900.0,2521.0
134,WESTCHESTER SQ,40.840124700000004,-73.84282579999999,206.0,557.0,1139.0,1399.0,1382.0,816.0,330.0,468.0,825.0,1152.0,1107.0,741.0,168.0,2359.0,2667.0,2637.0,3308.0,1042.0,211.0,2416.0,2684.0,2593.0,3389.0,1177.0,218.0,2359.0,2780.0,2710.0,3298.0,1161.0,242.0,2338.0,2613.0,2625.0,3295.0,1171.0,244.0,2098.0,2860.0,2799.0,3176.0
135,FAR ROCKAWAY,40.6077527,-73.7517548,375.0,737.0,1075.0,1182.0,1339.0,823.0,293.0,522.0,856.0,975.0,1165.0,689.0,257.0,2131.0,1782.0,1667.0,2953.0,966.0,288.0,2126.0,1732.0,1725.0,2805.0,1016.0,283.0,2175.0,1730.0,1841.0,2642.0,913.0,392.0,2218.0,1655.0,1739.0,2798.0,971.0,327.0,2053.0,1663.0,1972.0,2774.0
136,WOODLAWN,40.88603699999999,-73.878751,253.0,662.0,1020.0,1130.0,1310.0,734.0,233.0,372.0,753.0,967.0,1040.0,609.0,183.0,2412.0,1826.0,1465.0,1703.0,683.0,167.0,2462.0,1895.0,1430.0,1728.0,743.0,203.0,2418.0,1853.0,1479.0,1804.0,766.0,234.0,2471.0,2055.0,1625.0,1840.0,726.0,225.0,2272.0,1674.0,1557.0,1692.0
137,CORTELYOU RD,40.6412697,-73.9639694,131.0,493.0,1438.0,1496.0,1295.0,693.0,120.0,365.0,1287.0,1564.0,1025.0,434.0,103.0,1872.0,2721.0,1648.0,1490.0,574.0,91.0,1935.0,2844.0,1607.0,1617.0,612.0,114.0,1924.0,2816.0,1614.0,1714.0,670.0,83.0,1916.0,2876.0,1597.0,1614.0,708.0,115.0,1748.0,2719.0,1770.0,1681.0
138,BERGEN ST,40.686083200000006,-73.9909074,190.0,97.0,771.0,1242.0,1266.0,709.0,202.0,89.0,613.0,1154.0,1094.0,480.0,50.0,650.0,2271.0,1043.0,1922.0,606.0,35.0,628.0,2460.0,961.0,2095.0,673.0,52.0,660.0,2441.0,1075.0,2104.0,781.0,47.0,665.0,2484.0,1081.0,2020.0,771.0,72.0,625.0,2194.0,1306.0,2122.0
139,BEDFORD PK BLVD,40.8732636,-73.8871965,269.0,537.0,1094.0,1320.0,1241.0,822.0,230.0,346.0,875.0,1141.0,1049.0,542.0,183.0,1896.0,1691.0,2166.0,2650.0,1124.0,238.0,1938.0,1842.0,2101.0,2968.0,1101.0,238.0,1872.0,1798.0,2032.0,2715.0,1216.0,233.0,1918.0,2029.0,2623.0,3060.0,1308.0,244.0,1658.0,2437.0,2081.0,1931.0
140,HARLEM 148 ST,40.8240504,-73.9369385,246.0,351.0,1011.0,1142.0,1233.0,860.0,255.0,232.0,754.0,1002.0,1082.0,658.0,131.0,1303.0,1986.0,1448.0,2022.0,798.0,94.0,1349.0,2016.0,1416.0,1988.0,929.0,110.0,1316.0,1851.0,1536.0,2024.0,986.0,95.0,1252.0,2111.0,1474.0,2181.0,1002.0,121.0,1218.0,1991.0,1531.0,2011.0
141,BAY RIDGE-95 ST,40.6167174,-74.0308527,190.0,391.0,1222.0,1260.0,1232.0,620.0,217.0,260.0,1076.0,1348.0,1064.0,485.0,125.0,2111.0,2500.0,1519.0,2573.0,818.0,158.0,2225.0,2631.0,1558.0,2600.0,948.0,165.0,2213.0,2615.0,1603.0,2198.0,768.0,192.0,2182.0,2613.0,1651.0,2500.0,908.0,166.0,2057.0,2339.0,1575.0,2402.0
142,CLINTON-WASH AV,40.683498900000004,-73.9668944,246.0,136.0,585.0,879.0,1230.0,772.0,267.0,83.0,349.0,688.0,836.0,577.0,99.0,1600.0,4144.0,2100.0,3311.0,1067.0,125.0,1640.0,4273.0,2101.0,3436.0,1341.0,152.0,1660.0,4289.0,2177.0,3431.0,1455.0,186.0,1582.0,4360.0,2153.0,3447.0,1265.0,199.0,1418.0,4190.0,2440.0,3279.0
143,KINGSTON-THROOP,40.679826500000004,-73.94112940000001,450.0,220.0,573.0,930.0,1212.0,1145.0,483.0,166.0,451.0,728.0,948.0,783.0,267.0,1551.0,3421.0,2190.0,2967.0,1490.0,347.0,1670.0,3495.0,2267.0,3078.0,1704.0,374.0,1598.0,3325.0,2360.0,3092.0,1768.0,363.0,1588.0,3339.0,2231.0,3154.0,1562.0,401.0,1381.0,3358.0,2339.0,2983.0
144,ST LAWRENCE AV,40.8315326,-73.8672593,351.0,675.0,1077.0,1245.0,1203.0,829.0,366.0,458.0,878.0,1119.0,1010.0,772.0,293.0,1688.0,1577.0,1592.0,1917.0,888.0,351.0,1750.0,1576.0,1583.0,1972.0,977.0,309.0,1757.0,1584.0,1565.0,2000.0,928.0,310.0,1776.0,1128.0,1137.0,1981.0,1010.0,311.0,1685.0,1545.0,1578.0,2061.0
145,176 ST,40.8484597,-73.9117411,235.0,637.0,1262.0,1396.0,1190.0,805.0,249.0,458.0,846.0,1071.0,1076.0,743.0,234.0,1896.0,2120.0,1844.0,2128.0,899.0,216.0,1967.0,2204.0,1727.0,2244.0,920.0,229.0,1964.0,2029.0,1733.0,2201.0,838.0,233.0,2006.0,2058.0,1861.0,2215.0,968.0,249.0,1884.0,2127.0,1870.0,2143.0
146,FULTON ST,40.709893,-74.0079818,153.0,171.0,739.0,1275.0,1189.0,554.0,116.0,84.0,442.0,820.0,885.0,332.0,44.0,795.0,1011.0,1980.0,2505.0,892.0,74.0,972.0,1923.0,2160.0,2793.0,995.0,83.0,881.0,1816.0,1958.0,2720.0,1141.0,87.0,1062.0,1897.0,2191.0,3005.0,1251.0,88.0,981.0,1788.0,2339.0,3076.0
147,AVENUE J,40.6252684,-73.9607296,129.0,442.0,1159.0,1268.0,1188.0,687.0,151.0,349.0,1236.0,1485.0,1365.0,626.0,94.0,1623.0,2665.0,1903.0,2593.0,928.0,99.0,1683.0,2752.0,2024.0,2722.0,903.0,111.0,1608.0,2588.0,2003.0,2730.0,918.0,93.0,1692.0,2700.0,2070.0,2735.0,981.0,121.0,1511.0,1825.0,2032.0,2069.0
148,183 ST,40.8583924,-73.90397810000002,264.0,801.0,1327.0,1330.0,1184.0,897.0,241.0,542.0,1002.0,1148.0,1131.0,692.0,211.0,2081.0,1842.0,1419.0,1974.0,926.0,257.0,2101.0,1925.0,1533.0,2012.0,971.0,264.0,2140.0,1954.0,1496.0,2134.0,954.0,309.0,2138.0,2039.0,1870.0,2279.0,976.0,286.0,2045.0,1897.0,1461.0,1934.0
149,18 AV,40.6201053,-73.9894661,80.0,586.0,1375.0,1246.0,1175.0,429.0,68.0,374.0,1322.0,1054.0,933.0,396.0,63.0,3195.0,3943.0,2571.0,3587.0,1020.0,159.0,3244.0,4052.0,2532.0,3636.0,1121.0,153.0,3264.0,4015.0,2602.0,3679.0,1153.0,162.0,3323.0,4077.0,2488.0,1744.0,455.0,176.0,3155.0,3874.0,2952.0,3270.0
150,KINGSTON AV,40.669284499999996,-73.9422927,276.0,291.0,930.0,1163.0,1105.0,904.0,292.0,249.0,1031.0,1404.0,1180.0,699.0,169.0,1115.0,2324.0,1610.0,2195.0,993.0,175.0,1221.0,2264.0,1650.0,2168.0,1134.0,176.0,1154.0,2328.0,1660.0,2321.0,1195.0,220.0,1183.0,2337.0,1691.0,2453.0,1198.0,262.0,1064.0,2308.0,2345.0,2026.0
151,BEVERLEY ROAD,40.644229100000004,-73.96449799999998,275.0,323.0,742.0,978.0,1102.0,782.0,281.0,234.0,684.0,898.0,888.0,573.0,152.0,1047.0,1582.0,974.0,1877.0,858.0,145.0,1013.0,1634.0,979.0,1607.0,936.0,187.0,1016.0,1600.0,1076.0,1698.0,957.0,190.0,1037.0,1733.0,1037.0,1852.0,1015.0,222.0,984.0,1547.0,1110.0,1665.0
152,71 ST,40.619621200000005,-73.99877699999998,133.0,729.0,1517.0,1139.0,1092.0,532.0,129.0,438.0,1362.0,1039.0,849.0,431.0,74.0,2092.0,2473.0,1168.0,1717.0,595.0,98.0,2180.0,2533.0,1157.0,1682.0,703.0,117.0,2131.0,2520.0,1190.0,1772.0,627.0,107.0,2134.0,2422.0,1143.0,1780.0,634.0,95.0,2061.0,2308.0,1220.0,1558.0
153,ST. GEORGE,40.64400390000001,-74.07332480000001,350.0,484.0,726.0,900.0,1083.0,535.0,273.0,274.0,711.0,699.0,775.0,418.0,137.0,3839.0,2802.0,1838.0,5295.0,826.0,223.0,3949.0,2765.0,1697.0,5578.0,930.0,200.0,3730.0,2875.0,1954.0,5254.0,969.0,242.0,3850.0,2850.0,1613.0,5411.0,1068.0,229.0,3448.0,2402.0,1706.0,4809.0
154,MT EDEN AV,40.844528499999996,-73.9146157,267.0,587.0,1055.0,1207.0,1078.0,751.0,247.0,377.0,741.0,1001.0,1053.0,600.0,224.0,1735.0,1860.0,1661.0,1979.0,793.0,260.0,1810.0,1929.0,1588.0,2104.0,888.0,215.0,1782.0,1789.0,1681.0,2168.0,853.0,224.0,1762.0,1980.0,1697.0,2108.0,894.0,273.0,1681.0,1950.0,1650.0,2005.0
155,MARBLE HILL-225,40.8743487,-73.91043309999998,98.0,426.0,962.0,1112.0,1050.0,566.0,92.0,289.0,744.0,1037.0,917.0,410.0,62.0,1534.0,1509.0,1294.0,1589.0,518.0,65.0,1515.0,1711.0,1272.0,1659.0,533.0,74.0,1533.0,1654.0,1317.0,1583.0,532.0,85.0,1520.0,1617.0,1355.0,1655.0,550.0,121.0,1457.0,1607.0,1390.0,1640.0
156,174-175 STS,40.846524,-73.90972690000001,240.0,543.0,1115.0,1176.0,1021.0,604.0,171.0,383.0,777.0,910.0,900.0,521.0,113.0,1360.0,1945.0,1642.0,1754.0,513.0,148.0,1383.0,1942.0,1634.0,1853.0,626.0,171.0,1414.0,1995.0,1676.0,1813.0,515.0,145.0,1468.0,1966.0,1563.0,1900.0,588.0,165.0,1336.0,1934.0,1685.0,1850.0
157,33 ST-RAWSON ST,40.744587,-73.93099699999998,166.0,454.0,1157.0,1604.0,1015.0,325.0,96.0,241.0,573.0,698.0,606.0,246.0,178.0,2809.0,5617.0,5692.0,6998.0,1759.0,192.0,2559.0,6057.0,5899.0,7316.0,2004.0,199.0,2669.0,5658.0,6111.0,6592.0,1951.0,170.0,2566.0,5984.0,5970.0,6934.0,1787.0,183.0,2276.0,4916.0,5174.0,4794.0
158,CITY HALL,40.7135245,-74.00671009999998,79.0,90.0,530.0,1001.0,1001.0,334.0,45.0,73.0,449.0,817.0,773.0,283.0,33.0,738.0,2498.0,2242.0,3626.0,759.0,67.0,713.0,2499.0,2326.0,3976.0,814.0,74.0,643.0,2533.0,2373.0,3885.0,813.0,85.0,728.0,2588.0,2441.0,3879.0,823.0,80.0,702.0,2335.0,2518.0,3192.0
159,182-183 STS,40.8560934,-73.90102949999998,237.0,651.0,1100.0,1132.0,989.0,649.0,228.0,441.0,778.0,924.0,819.0,569.0,188.0,1638.0,1651.0,1417.0,1342.0,547.0,218.0,1717.0,1635.0,1394.0,1359.0,552.0,205.0,1745.0,1662.0,1382.0,1412.0,616.0,208.0,1679.0,1649.0,1380.0,1457.0,630.0,189.0,1659.0,1555.0,1425.0,1434.0
160,PRESIDENT ST,40.668158500000004,-73.95065859999998,212.0,251.0,1004.0,1099.0,977.0,705.0,247.0,186.0,575.0,775.0,762.0,488.0,111.0,1212.0,2417.0,1719.0,2645.0,884.0,98.0,1281.0,2438.0,1817.0,2699.0,959.0,134.0,1276.0,2473.0,1861.0,2627.0,1016.0,148.0,1246.0,2449.0,1747.0,2800.0,943.0,182.0,1149.0,2409.0,1918.0,2419.0
161,77 ST,40.7736346,-73.95982939999998,114.0,366.0,1030.0,1159.0,947.0,496.0,114.0,216.0,843.0,1081.0,804.0,337.0,66.0,1826.0,2310.0,1144.0,1807.0,507.0,91.0,1966.0,2427.0,1245.0,1778.0,634.0,79.0,1924.0,2497.0,1281.0,1789.0,604.0,93.0,1929.0,2488.0,1217.0,1845.0,686.0,110.0,1712.0,2266.0,1252.0,1660.0
162,GUN HILL RD,40.87773920000001,-73.86630459999998,190.0,482.0,913.0,1017.0,940.0,554.0,185.0,282.0,602.0,738.0,741.0,450.0,152.0,2393.0,1914.0,1597.0,2155.0,827.0,205.0,2475.0,1999.0,1661.0,2239.0,873.0,181.0,2515.0,2078.0,1619.0,2126.0,823.0,197.0,2414.0,2027.0,1608.0,2195.0,878.0,205.0,2336.0,1875.0,1635.0,2078.0
163,79 ST,40.783934,-73.979917,105.0,741.0,1550.0,1130.0,933.0,427.0,79.0,444.0,1364.0,953.0,,,59.0,2399.0,2850.0,1260.0,1564.0,488.0,92.0,2418.0,2807.0,1328.0,1561.0,555.0,83.0,2328.0,2699.0,1324.0,1477.0,515.0,82.0,2463.0,2841.0,1334.0,1561.0,517.0,93.0,2312.0,2730.0,1383.0,1452.0
164,190 ST,40.858887700000004,-73.93422159999999,85.0,202.0,942.0,1177.0,924.0,382.0,93.0,175.0,724.0,1065.0,641.0,282.0,55.0,1229.0,1933.0,1071.0,1239.0,335.0,26.0,1305.0,2071.0,1097.0,1255.0,361.0,35.0,1274.0,2117.0,1286.0,1226.0,387.0,40.0,1311.0,2104.0,1212.0,1308.0,444.0,35.0,1170.0,2049.0,1250.0,1344.0
165,20 AV,40.617271,-73.9847709,66.0,570.0,1164.0,1032.0,913.0,403.0,59.0,327.0,1030.0,1019.0,729.0,355.0,47.0,1780.0,1875.0,1008.0,1440.0,446.0,53.0,1761.0,1947.0,1043.0,1376.0,512.0,64.0,1751.0,1916.0,1059.0,1411.0,525.0,65.0,1810.0,1898.0,1044.0,1495.0,483.0,77.0,1710.0,1843.0,1035.0,1415.0
166,25 ST,40.6604039,-73.99810550000001,233.0,289.0,921.0,1114.0,908.0,601.0,206.0,221.0,708.0,985.0,827.0,498.0,108.0,1020.0,1849.0,1178.0,1896.0,658.0,125.0,1130.0,1969.0,1204.0,1848.0,739.0,134.0,1071.0,1924.0,1230.0,1835.0,706.0,152.0,1063.0,1952.0,1268.0,1903.0,749.0,171.0,995.0,1963.0,1380.0,1830.0
167,BRIARWOOD,40.7093666,-73.81988539999998,145.0,426.0,923.0,982.0,899.0,544.0,143.0,277.0,701.0,847.0,782.0,337.0,90.0,1797.0,2018.0,1520.0,1856.0,658.0,119.0,1885.0,2035.0,1478.0,1917.0,670.0,95.0,1724.0,2037.0,1104.0,1818.0,665.0,193.0,1849.0,2100.0,1555.0,1954.0,727.0,127.0,1721.0,1953.0,1521.0,1679.0
168,AQUEDUCT RACETR,40.6721498,-73.8356843,204.0,164.0,113.0,406.0,892.0,527.0,202.0,155.0,106.0,450.0,844.0,433.0,142.0,195.0,151.0,353.0,469.0,299.0,104.0,172.0,157.0,367.0,495.0,332.0,104.0,185.0,174.0,408.0,511.0,328.0,90.0,190.0,156.0,406.0,627.0,320.0,100.0,158.0,151.0,475.0,775.0
169,PENNSYLVANIA AV,40.6646911,-73.8941747,180.0,427.0,950.0,985.0,861.0,599.0,201.0,291.0,659.0,756.0,723.0,414.0,132.0,1624.0,1662.0,1448.0,1695.0,552.0,131.0,1707.0,1722.0,1449.0,1749.0,722.0,130.0,1676.0,1698.0,1554.0,1849.0,718.0,118.0,1700.0,1766.0,1477.0,1900.0,643.0,143.0,1576.0,1679.0,1654.0,1606.0
170,AVENUE M,40.6180725,-73.9593745,55.0,323.0,922.0,981.0,852.0,431.0,73.0,272.0,1136.0,1246.0,987.0,370.0,44.0,1699.0,2582.0,1784.0,2242.0,485.0,42.0,1403.0,3076.0,1947.0,2271.0,560.0,43.0,1655.0,2446.0,1954.0,2137.0,560.0,61.0,1478.0,2901.0,1989.0,2508.0,740.0,69.0,1649.0,2569.0,2209.0,1678.0
171,OCEAN PKWY,40.5762935,-73.9684997,90.0,269.0,792.0,982.0,851.0,325.0,93.0,188.0,628.0,931.0,735.0,285.0,63.0,896.0,1239.0,1105.0,1176.0,423.0,60.0,875.0,1253.0,1231.0,1277.0,406.0,73.0,874.0,1213.0,1139.0,1287.0,394.0,67.0,895.0,1227.0,1184.0,1282.0,380.0,61.0,805.0,1218.0,1189.0,1149.0
172,AVENUE H,40.6297445,-73.96166170000001,139.0,239.0,733.0,830.0,844.0,510.0,135.0,163.0,655.0,824.0,732.0,416.0,83.0,898.0,1904.0,1651.0,2024.0,770.0,91.0,898.0,1942.0,1617.0,1836.0,916.0,111.0,946.0,1829.0,1606.0,1891.0,831.0,100.0,945.0,1898.0,1596.0,1914.0,825.0,111.0,829.0,1458.0,1313.0,1365.0
173,JUNIUS ST,40.67504,-73.904496,155.0,291.0,548.0,735.0,797.0,471.0,173.0,184.0,459.0,640.0,648.0,381.0,95.0,922.0,1054.0,1027.0,1496.0,458.0,96.0,987.0,1039.0,966.0,1470.0,550.0,122.0,942.0,1047.0,1182.0,1523.0,508.0,90.0,955.0,1020.0,989.0,1667.0,509.0,111.0,852.0,983.0,1129.0,1508.0
174,NECK RD,40.595153100000005,-73.9550266,74.0,403.0,1014.0,814.0,766.0,348.0,70.0,242.0,902.0,831.0,603.0,254.0,67.0,1548.0,1832.0,819.0,1353.0,398.0,54.0,1583.0,1942.0,816.0,1454.0,424.0,50.0,1492.0,1777.0,860.0,1346.0,453.0,55.0,1584.0,2022.0,912.0,1446.0,442.0,60.0,1499.0,1759.0,857.0,1338.0
175,VAN SICLEN AV,40.67274219999999,-73.8903155,221.0,327.0,652.0,921.0,757.0,607.0,213.0,271.0,495.0,685.0,743.0,512.0,128.0,1240.0,1250.0,1087.0,1663.0,661.0,160.0,1287.0,1321.0,1117.0,1648.0,795.0,158.0,1254.0,1237.0,1130.0,1680.0,743.0,167.0,1209.0,1296.0,1104.0,1746.0,689.0,180.0,1164.0,1263.0,1178.0,1583.0
176,138/GRAND CONC,40.8132249,-73.9298111,227.0,474.0,720.0,808.0,755.0,435.0,220.0,302.0,401.0,589.0,627.0,330.0,186.0,1169.0,1453.0,1484.0,1599.0,492.0,272.0,1178.0,1453.0,1395.0,1751.0,519.0,246.0,1184.0,1356.0,1490.0,1614.0,517.0,273.0,1197.0,1401.0,1398.0,1708.0,516.0,255.0,1249.0,1383.0,1480.0,1533.0
177,BEVERLY RD,40.8322067,-73.3848891,109.0,354.0,768.0,767.0,696.0,373.0,94.0,271.0,603.0,580.0,492.0,265.0,109.0,1528.0,1601.0,907.0,859.0,325.0,94.0,1591.0,1648.0,956.0,956.0,355.0,93.0,1567.0,1665.0,925.0,908.0,374.0,92.0,1552.0,1689.0,948.0,956.0,388.0,89.0,1451.0,1557.0,1079.0,915.0
178,75 AV,40.718331,-73.837324,71.0,137.0,652.0,704.0,604.0,280.0,65.0,92.0,486.0,635.0,373.0,182.0,37.0,863.0,1614.0,670.0,921.0,273.0,42.0,913.0,1717.0,712.0,947.0,329.0,53.0,915.0,1682.0,726.0,935.0,299.0,46.0,906.0,1730.0,718.0,984.0,318.0,63.0,808.0,1554.0,769.0,954.0
179,BUSHWICK AV,40.7002958,-73.94116439999998,168.0,136.0,416.0,630.0,602.0,481.0,159.0,102.0,354.0,527.0,568.0,359.0,67.0,601.0,826.0,592.0,910.0,546.0,99.0,603.0,932.0,622.0,769.0,569.0,114.0,641.0,864.0,637.0,949.0,474.0,111.0,633.0,882.0,630.0,1008.0,571.0,129.0,628.0,826.0,715.0,892.0
180,BEACH 67 ST,40.5909714,-73.79631690000001,132.0,306.0,474.0,554.0,591.0,366.0,164.0,203.0,383.0,535.0,469.0,331.0,108.0,1031.0,751.0,660.0,892.0,416.0,126.0,1066.0,747.0,708.0,848.0,439.0,134.0,1046.0,728.0,679.0,881.0,401.0,148.0,1047.0,694.0,699.0,896.0,459.0,155.0,979.0,747.0,820.0,934.0
181,WHITLOCK AV,40.82674420000001,-73.88634559999998,164.0,331.0,455.0,561.0,584.0,441.0,132.0,193.0,367.0,440.0,486.0,343.0,101.0,845.0,824.0,833.0,1104.0,336.0,108.0,879.0,875.0,940.0,1133.0,474.0,103.0,875.0,867.0,843.0,1127.0,383.0,124.0,877.0,843.0,831.0,1045.0,409.0,92.0,827.0,827.0,895.0,1120.0
182,W 8 ST-AQUARIUM,40.57612779999999,-73.97596539999998,31.0,113.0,452.0,636.0,548.0,213.0,44.0,75.0,394.0,750.0,525.0,134.0,18.0,593.0,1091.0,955.0,751.0,174.0,20.0,569.0,1069.0,913.0,905.0,189.0,15.0,564.0,1125.0,1028.0,879.0,192.0,21.0,548.0,962.0,989.0,904.0,187.0,19.0,541.0,1018.0,1049.0,697.0
183,PARK PLACE,40.7132422,-74.0092559,48.0,76.0,298.0,651.0,537.0,216.0,44.0,52.0,238.0,498.0,408.0,174.0,29.0,457.0,1931.0,1214.0,2313.0,409.0,31.0,438.0,2074.0,1285.0,2318.0,451.0,32.0,464.0,2095.0,1331.0,2488.0,439.0,43.0,469.0,1937.0,1316.0,2277.0,459.0,50.0,408.0,1849.0,1351.0,2092.0
184,215 ST,40.8695946,-73.9153019,65.0,104.0,403.0,487.0,487.0,163.0,47.0,96.0,280.0,420.0,397.0,138.0,34.0,344.0,625.0,693.0,693.0,239.0,48.0,371.0,674.0,634.0,643.0,289.0,42.0,369.0,635.0,672.0,740.0,302.0,42.0,354.0,650.0,616.0,683.0,300.0,48.0,350.0,651.0,633.0,664.0
185,HOWARD BCH JFK,40.660476,-73.83030099999998,148.0,185.0,295.0,499.0,447.0,425.0,153.0,196.0,311.0,568.0,621.0,488.0,180.0,727.0,537.0,586.0,723.0,412.0,156.0,711.0,506.0,534.0,659.0,413.0,172.0,698.0,466.0,585.0,658.0,365.0,174.0,678.0,474.0,582.0,622.0,419.0,161.0,636.0,489.0,568.0,629.0
186,BEACH 25 ST,40.59946790000001,-73.7618536,178.0,265.0,341.0,413.0,425.0,360.0,138.0,186.0,282.0,339.0,438.0,290.0,128.0,960.0,672.0,642.0,1117.0,407.0,167.0,1013.0,733.0,671.0,1119.0,455.0,173.0,990.0,607.0,771.0,1041.0,465.0,188.0,996.0,663.0,705.0,1093.0,525.0,157.0,972.0,634.0,760.0,962.0
187,BEACH 60 ST,40.59244,-73.78928300000003,148.0,269.0,423.0,484.0,409.0,355.0,156.0,198.0,338.0,441.0,423.0,316.0,140.0,912.0,742.0,696.0,899.0,331.0,139.0,983.0,761.0,654.0,852.0,355.0,128.0,921.0,678.0,689.0,852.0,394.0,146.0,933.0,746.0,685.0,884.0,389.0,142.0,865.0,701.0,730.0,867.0
188,ATLANTIC AV,40.675554,-73.90305759999998,29.0,88.0,239.0,364.0,321.0,181.0,35.0,77.0,163.0,266.0,229.0,143.0,38.0,632.0,593.0,338.0,723.0,180.0,30.0,678.0,555.0,356.0,730.0,184.0,45.0,642.0,574.0,381.0,770.0,189.0,42.0,640.0,590.0,298.0,739.0,223.0,42.0,641.0,540.0,401.0,706.0
189,BEACH 36 ST,40.595532,-73.7681238,99.0,113.0,211.0,264.0,281.0,193.0,88.0,102.0,162.0,186.0,260.0,192.0,75.0,488.0,352.0,388.0,563.0,222.0,84.0,481.0,362.0,391.0,586.0,235.0,65.0,462.0,370.0,384.0,562.0,248.0,84.0,504.0,337.0,369.0,624.0,239.0,96.0,450.0,362.0,382.0,553.0
190,55 ST,40.6315514,-73.9956328,32.0,127.0,268.0,284.0,271.0,173.0,57.0,105.0,454.0,480.0,560.0,189.0,49.0,454.0,984.0,771.0,1094.0,225.0,24.0,470.0,949.0,762.0,1115.0,247.0,45.0,480.0,938.0,862.0,1118.0,257.0,50.0,490.0,908.0,797.0,1145.0,308.0,49.0,506.0,832.0,896.0,904.0
191,104 ST,40.695145600000004,-73.8443046,126.0,218.0,281.0,263.0,261.0,130.0,59.0,135.0,205.0,219.0,235.0,171.0,109.0,2207.0,1721.0,1300.0,1739.0,500.0,142.0,2394.0,1714.0,1254.0,1637.0,550.0,110.0,2266.0,1712.0,1240.0,1616.0,523.0,138.0,2309.0,1693.0,1231.0,1626.0,527.0,119.0,2184.0,1681.0,1257.0,1599.0
192,BEACH 44 ST,40.592920899999996,-73.77594839999998,80.0,138.0,185.0,191.0,199.0,152.0,65.0,93.0,130.0,210.0,206.0,171.0,63.0,381.0,287.0,297.0,446.0,194.0,55.0,410.0,305.0,302.0,400.0,207.0,60.0,397.0,276.0,333.0,413.0,167.0,77.0,410.0,250.0,284.0,395.0,179.0,61.0,380.0,257.0,328.0,394.0
193,WORLD TRADE CTR,40.712645200000004,-74.00989799999998,25.0,25.0,96.0,141.0,152.0,50.0,8.0,5.0,35.0,96.0,165.0,24.0,9.0,2900.0,8805.0,5730.0,12375.0,1784.0,35.0,2989.0,8908.0,5976.0,12870.0,2084.0,53.0,2898.0,9341.0,5563.0,12423.0,1919.0,45.0,2847.0,9261.0,6054.0,12935.0,1918.0,26.0,2642.0,8436.0,6950.0,11840.0
194,NASSAU AV,40.7238944,-73.9506777,32.0,51.0,55.0,31.0,39.0,27.0,17.0,7.0,12.0,13.0,29.0,7.0,13.0,2309.0,5065.0,2971.0,6275.0,1388.0,3.0,2547.0,5479.0,3027.0,6772.0,1636.0,0.0,2558.0,5534.0,3260.0,6519.0,1593.0,13.0,2433.0,5490.0,3160.0,6398.0,1578.0,40.0,2358.0,5289.0,3674.0,6343.0
195,39 AV,40.752689700000005,-73.9328056,154.0,18.0,20.0,10.0,13.0,1.0,2.0,13.0,6.0,9.0,13.0,107.0,64.0,597.0,1241.0,606.0,1469.0,568.0,116.0,630.0,1345.0,567.0,1469.0,658.0,104.0,643.0,1374.0,635.0,1451.0,704.0,158.0,658.0,1303.0,646.0,1612.0,696.0,143.0,549.0,1357.0,765.0,1572.0
196,36 AV,40.7668516,-73.921313,440.0,8.0,12.0,10.0,11.0,2.0,2.0,5.0,6.0,10.0,11.0,247.0,145.0,1703.0,3053.0,1703.0,3953.0,1402.0,239.0,1802.0,3337.0,1777.0,4126.0,1774.0,276.0,1816.0,3127.0,1803.0,3917.0,1636.0,270.0,1758.0,3182.0,1856.0,4054.0,1713.0,337.0,1576.0,3095.0,1802.0,3911.0
197,BROADWAY,40.7623472,-73.9256595,677.0,9.0,16.0,27.0,8.0,0.0,0.0,2.0,0.0,2.0,0.0,299.0,209.0,2317.0,5153.0,2418.0,6356.0,2586.0,361.0,2470.0,5528.0,2508.0,6505.0,2892.0,373.0,2454.0,5608.0,2608.0,6305.0,2873.0,410.0,2466.0,5394.0,2587.0,6553.0,2927.0,521.0,2273.0,5318.0,2699.0,6472.0
198,COURT SQ-23 ST,40.748050799999994,-73.94704779999998,,,,,,,,,,,,,,,,,,,,,,,,,,,,,,,,,,,,,,,,,
199,ASTORIA DITMARS,40.7750119,-73.91211,1022.0,52.0,53.0,45.0,4.0,7.0,12.0,19.0,14.0,6.0,2.0,566.0,397.0,4990.0,9204.0,5511.0,10368.0,3991.0,563.0,5126.0,10056.0,5765.0,10670.0,4660.0,666.0,5208.0,9850.0,5999.0,10505.0,4831.0,635.0,5251.0,9973.0,5810.0,10608.0,4762.0,742.0,4794.0,9572.0,5588.0,10225.0
200,CYPRESS HILLS,40.68994860000001,-73.87257310000003,43.0,8.0,5.0,8.0,2.0,5.0,2.0,8.0,5.0,6.0,5.0,37.0,41.0,635.0,529.0,453.0,654.0,174.0,40.0,669.0,591.0,456.0,623.0,202.0,37.0,,,492.0,573.0,193.0,49.0,670.0,618.0,550.0,646.0,216.0,54.0,632.0,555.0,487.0,517.0
201,30 AV,40.7668516,-73.921313,1022.0,3.0,2.0,0.0,2.0,0.0,1.0,1.0,1.0,0.0,0.0,564.0,420.0,4738.0,9406.0,4139.0,9672.0,3914.0,528.0,4997.0,9882.0,4121.0,9799.0,4217.0,644.0,5042.0,10075.0,4401.0,9482.0,4235.0,686.0,5040.0,9920.0,4444.0,9879.0,4280.0,799.0,4524.0,9368.0,4632.0,9266.0
202,121 ST,40.7006094,-73.8281286,97.0,13.0,17.0,5.0,1.0,0.0,1.0,6.0,0.0,1.0,1.0,63.0,74.0,895.0,812.0,635.0,1031.0,338.0,82.0,892.0,843.0,766.0,1154.0,365.0,87.0,846.0,912.0,856.0,1221.0,371.0,92.0,953.0,882.0,718.0,1320.0,438.0,81.0,931.0,921.0,867.0,1241.0
203,75 ST-ELDERTS,40.69143649999999,-73.8665512,138.0,2.0,0.0,1.0,1.0,1.0,0.0,0.0,0.0,0.0,0.0,96.0,109.0,1633.0,1411.0,1147.0,1474.0,489.0,117.0,1690.0,1432.0,1139.0,1501.0,498.0,103.0,1630.0,1347.0,1230.0,1470.0,498.0,110.0,1699.0,1403.0,1133.0,1462.0,564.0,125.0,1545.0,1407.0,1087.0,1379.0
204,AVENUE X,40.589682200000006,-73.9742509,0.0,0.0,0.0,0.0,0.0,0.0,0.0,0.0,0.0,0.0,0.0,0.0,0.0,1048.0,1031.0,844.0,1090.0,365.0,57.0,1053.0,1035.0,835.0,1122.0,408.0,64.0,1006.0,1120.0,905.0,1124.0,415.0,65.0,1020.0,1114.0,789.0,1101.0,377.0,74.0,958.0,912.0,808.0,1025.0
205,AVENUE P,40.6087814,-73.97290840000001,0.0,0.0,0.0,0.0,0.0,0.0,0.0,0.0,1.0,0.0,0.0,0.0,0.0,873.0,1088.0,515.0,860.0,259.0,46.0,900.0,1098.0,532.0,858.0,251.0,58.0,875.0,1037.0,575.0,816.0,285.0,54.0,876.0,1084.0,501.0,862.0,257.0,42.0,858.0,1007.0,647.0,748.0
206,85 ST-FOREST PK,40.6924861,-73.8590708,107.0,0.0,0.0,0.0,0.0,0.0,0.0,0.0,1.0,0.0,0.0,65.0,88.0,1546.0,1299.0,923.0,1269.0,438.0,104.0,1607.0,1252.0,935.0,1227.0,459.0,101.0,1606.0,1302.0,982.0,1294.0,476.0,107.0,1612.0,1303.0,923.0,1252.0,455.0,101.0,1536.0,1208.0,1008.0,1194.0
207,WOODHAVEN BLVD,40.6939097,-73.85139269999998,149.0,6.0,11.0,3.0,0.0,0.0,0.0,0.0,0.0,0.0,1.0,100.0,85.0,1745.0,1610.0,1228.0,1686.0,531.0,127.0,1777.0,1647.0,1307.0,1733.0,552.0,112.0,1675.0,1589.0,1337.0,1630.0,559.0,125.0,1715.0,1571.0,1261.0,1652.0,541.0,122.0,1671.0,1491.0,1264.0,1647.0
208,METROPOLITAN AV,40.712132700000005,-73.889276,104.0,42.0,17.0,10.0,0.0,0.0,0.0,0.0,0.0,0.0,0.0,69.0,56.0,1722.0,1420.0,1361.0,2330.0,460.0,97.0,1723.0,1511.0,1403.0,2368.0,534.0,104.0,1790.0,1460.0,1577.0,2237.0,501.0,100.0,1826.0,1383.0,1398.0,2429.0,548.0,110.0,1652.0,1488.0,1439.0,2231.0
209,GREENPOINT AV,40.7301618,-73.9540458,0.0,2.0,13.0,1.0,0.0,0.0,0.0,0.0,5.0,1.0,10.0,0.0,0.0,2080.0,4736.0,3080.0,5687.0,1249.0,3.0,2266.0,5123.0,3029.0,5775.0,1438.0,26.0,2321.0,5246.0,3194.0,6034.0,1512.0,5.0,2200.0,5280.0,3435.0,6288.0,1506.0,5.0,2097.0,4969.0,3718.0,6165.0
